<decodes>
        <decode id="eti-msg" template="eti-msg">
                <section layer="eth"/>
                <section layer="ip"/>
                <section layer="tcp"/>
                <section layer="eti-msg"/>
        </decode>
        <decode id="eti_10100_new_ord" template="eti_10100_new_ord">
                <section layer="eth"/>
                <section layer="ip"/>
                <section layer="tcp"/>
                <section layer="eti_10100_new_ord"/>
        </decode>
        <decode id="eti_10101_new_ord_resp" template="eti_10101_new_ord_resp">
                <section layer="eth"/>
                <section layer="ip"/>
                <section layer="tcp"/>
                <section layer="eti_10101_new_ord_resp"/>
        </decode>
        <decode id="eti_10125_new_ord_s" template="eti_10125_new_ord_s">
                <section layer="eth"/>
                <section layer="ip"/>
                <section layer="tcp"/>
                <section layer="eti_10125_new_ord_s"/>
        </decode>
        <decode id="eti_10102_new_ord_s_resp" template="eti_10102_new_ord_s_resp">
                <section layer="eth"/>
                <section layer="ip"/>
                <section layer="tcp"/>
                <section layer="eti_10102_new_ord_s_resp"/>
        </decode>
        <decode id="eti_10113_new_ord_m" template="eti_10113_new_ord_m">
                <section layer="eth"/>
                <section layer="ip"/>
                <section layer="tcp"/>
                <section layer="eti_10113_new_ord_m"/>
        </decode>
        <decode id="eti_10103_imm_exec_resp" template="eti_10103_imm_exec_resp">
                <section layer="eth"/>
                <section layer="ip"/>
                <section layer="tcp"/>
                <section layer="eti_10103_imm_exec_resp"/>
        </decode>
        <decode id="eti_10104_book_order_exec" template="eti_10104_book_order_exec">
                <section layer="eth"/>
                <section layer="ip"/>
                <section layer="tcp"/>
                <section layer="eti_10104_book_order_exec"/>
        </decode>
        <decode id="eti_10106_rep_ord" template="eti_10106_rep_ord">
                <section layer="eth"/>
                <section layer="ip"/>
                <section layer="tcp"/>
                <section layer="eti_10106_rep_ord"/>
        </decode>
        <decode id="eti_10107_rep_ord_resp" template="eti_10107_rep_ord_resp">
                <section layer="eth"/>
                <section layer="ip"/>
                <section layer="tcp"/>
                <section layer="eti_10107_rep_ord_resp"/>
        </decode>
        <decode id="eti_10126_rep_ord_s" template="eti_10126_rep_ord_s">
                <section layer="eth"/>
                <section layer="ip"/>
                <section layer="tcp"/>
                <section layer="eti_10126_rep_ord_s"/>
        </decode>
        <decode id="eti_10108_rep_ord_resp_s" template="eti_10108_rep_ord_resp_s">
                <section layer="eth"/>
                <section layer="ip"/>
                <section layer="tcp"/>
                <section layer="eti_10108_rep_ord_resp_s"/>
        </decode>
        <decode id="eti_10114_rep_ord_m" template="eti_10114_rep_ord_m">
                <section layer="eth"/>
                <section layer="ip"/>
                <section layer="tcp"/>
                <section layer="eti_10114_rep_ord_m"/>
        </decode>
        <decode id="eti_10109_can_ord" template="eti_10109_can_ord">
                <section layer="eth"/>
                <section layer="ip"/>
                <section layer="tcp"/>
                <section layer="eti_10109_can_ord"/>
        </decode>
        <decode id="eti_10107_can_ord_resp" template="eti_10107_can_ord_resp">
                <section layer="eth"/>
                <section layer="ip"/>
                <section layer="tcp"/>
                <section layer="eti_10107_can_ord_resp"/>
        </decode>
        <decode id="eti_10111_can_ord_resp_s" template="eti_10111_can_ord_resp_s">
                <section layer="eth"/>
                <section layer="ip"/>
                <section layer="tcp"/>
                <section layer="eti_10111_can_ord_resp_s"/>
        </decode>
        <decode id="eti_10123_can_ord_m" template="eti_10123_can_ord_m">
                <section layer="eth"/>
                <section layer="ip"/>
                <section layer="tcp"/>
                <section layer="eti_10123_can_ord_m"/>
        </decode>
        <decode id="eti_10112_can_ord_not" template="eti_10112_can_ord_not">
                <section layer="eth"/>
                <section layer="ip"/>
                <section layer="tcp"/>
                <section layer="eti_10112_can_ord_not"/>
        </decode>
        <decode id="eti_10120_mass_can_ord" template="eti_10120_mass_can_ord">
                <section layer="eth"/>
                <section layer="ip"/>
                <section layer="tcp"/>
                <section layer="eti_10120_mass_can_ord"/>
        </decode>
        <decode id="eti_10121_10124_mass_can_resp" template="eti_10121_10124_mass_can_resp">
                <section layer="eth"/>
                <section layer="ip"/>
                <section layer="tcp"/>
                <section layer="eti_10121_10124_mass_can_resp"/>
        </decode>
        <decode id="eti_10122_mass_can_not" template="eti_10122_mass_can_not">
                <section layer="eth"/>
                <section layer="ip"/>
                <section layer="tcp"/>
                <section layer="eti_10122_mass_can_not"/>
        </decode>
        <decode id="eti_10401_10118_quote_cross_req" template="eti_10401_10118_quote_cross_req">
                <section layer="eth"/>
                <section layer="ip"/>
                <section layer="tcp"/>
                <section layer="eti_10401_10118_quote_cross_req"/>
        </decode>
        <decode id="eti_10402_10119_quote_cross_req_resp" template="eti_10402_10119_quote_cross_req_resp">
                <section layer="eth"/>
                <section layer="ip"/>
                <section layer="tcp"/>
                <section layer="eti_10402_10119_quote_cross_req_resp"/>
        </decode>
        <decode id="eti_10405_mass_quote" template="eti_10405_mass_quote">
                <section layer="eth"/>
                <section layer="ip"/>
                <section layer="tcp"/>
                <section layer="eti_10405_mass_quote"/>
        </decode>
        <decode id="eti_10406_mass_quote_resp" template="eti_10406_mass_quote_resp">
                <section layer="eth"/>
                <section layer="ip"/>
                <section layer="tcp"/>
                <section layer="eti_10406_mass_quote_resp"/>
        </decode>
        <decode id="eti_10407_quote_exec" template="eti_10407_quote_exec">
                <section layer="eth"/>
                <section layer="ip"/>
                <section layer="tcp"/>
                <section layer="eti_10407_quote_exec"/>
        </decode>
        <decode id="eti_10408_quote_mass_cancel_req" template="eti_10408_quote_mass_cancel_req">
                <section layer="eth"/>
                <section layer="ip"/>
                <section layer="tcp"/>
                <section layer="eti_10408_quote_mass_cancel_req"/>
        </decode>
        <decode id="eti_10409_quote_mass_canc_resp" template="eti_10409_quote_mass_canc_resp">
                <section layer="eth"/>
                <section layer="ip"/>
                <section layer="tcp"/>
                <section layer="eti_10409_quote_mass_canc_resp"/>
        </decode>
        <decode id="eti_10410_quote_mass_canc_not" template="eti_10410_quote_mass_canc_not">
                <section layer="eth"/>
                <section layer="ip"/>
                <section layer="tcp"/>
                <section layer="eti_10410_quote_mass_canc_not"/>
        </decode>
        <decode id="eti_10403_quote_activ_req" template="eti_10403_quote_activ_req">
                <section layer="eth"/>
                <section layer="ip"/>
                <section layer="tcp"/>
                <section layer="eti_10403_quote_activ_req"/>
        </decode>
        <decode id="eti_10404_quote_activ_resp" template="eti_10404_quote_activ_resp">
                <section layer="eth"/>
                <section layer="ip"/>
                <section layer="tcp"/>
                <section layer="eti_10404_quote_activ_resp"/>
        </decode>
        <decode id="eti_10411_quote_activ_not" template="eti_10411_quote_activ_not">
                <section layer="eth"/>
                <section layer="ip"/>
                <section layer="tcp"/>
                <section layer="eti_10411_quote_activ_not"/>
        </decode>
        <decode id="eobi_header" template="eobi_header">
                <section layer="eth"/>
                <section layer="ip"/>
                <section layer="udp"/>
                <section layer="eobi_header" repeat="true"/>
        </decode>
        <decode id="eobi_13100_ord_add" template="eobi_13100_ord_add">
                <section layer="eth"/>
                <section layer="ip"/>
                <section layer="udp"/>
                <section layer="eobi_13100_ord_add" repeat="true"/>
        </decode>
        <decode id="eobi_13101_order_mod" template="eobi_13101_order_mod">
                <section layer="eth"/>
                <section layer="ip"/>
                <section layer="udp"/>
                <section layer="eobi_13101_order_mod" repeat="true"/>
        </decode>
        <decode id="eobi_13504_top_of_book" template="eobi_13504_top_of_book">
                <section layer="eth"/>
                <section layer="ip"/>
                <section layer="udp"/>
                <section layer="eobi_13504_top_of_book" repeat="true"/>
        </decode>
        <decode id="eobi_13102_order_del" template="eobi_13102_order_del">
                <section layer="eth"/>
                <section layer="ip"/>
                <section layer="udp"/>
                <section layer="eobi_13102_order_del" repeat="true"/>
        </decode>
        <decode id="eobi_13103_order_mass_del" template="eobi_13103_order_mass_del">
                <section layer="eth"/>
                <section layer="ip"/>
                <section layer="udp"/>
                <section layer="eobi_13103_order_mass_del" repeat="true"/>
        </decode>
        <decode id="eobi_13106_order_mod_same_priority" template="eobi_13106_order_mod_same_priority">
                <section layer="eth"/>
                <section layer="ip"/>
                <section layer="udp"/>
                <section layer="eobi_13106_order_mod_same_priority" repeat="true"/>
        </decode>
        <decode id="eobi_13104_13105_order_exec" template="eobi_13104_13105_order_exec">
                <section layer="eth"/>
                <section layer="ip"/>
                <section layer="udp"/>
                <section layer="eobi_13104_13105_order_exec" repeat="true"/>
        </decode>
        <decode id="eobi_13202_exec_summary" template="eobi_13202_exec_summary">
                <section layer="eth"/>
                <section layer="ip"/>
                <section layer="udp"/>
                <section layer="eobi_13202_exec_summary" repeat="true"/>
        </decode>
        <decode id="eobi_13503_quote_request" template="eobi_13503_quote_request">
                <section layer="eth"/>
                <section layer="ip"/>
                <section layer="udp"/>
                <section layer="eobi_13503_quote_request" repeat="true"/>
        </decode>
        <decode id="eobi_13502_cross_request" template="eobi_13502_cross_request">
                <section layer="eth"/>
                <section layer="ip"/>
                <section layer="udp"/>
                <section layer="eobi_13502_cross_request" repeat="true"/>
        </decode>
        <decode id="eobi_13201_trade_report" template="eobi_13201_trade_report">
                <section layer="eth"/>
                <section layer="ip"/>
                <section layer="udp"/>
                <section layer="eobi_13201_trade_report" repeat="true"/>
        </decode>
        <decode id="Eurex-EMDI" template="Eurex-EMDI">
                <section layer="eth"/>
                <section layer="ip"/>
                <section layer="udp"/>
                <section layer="Eurex-EMDI"/>
        </decode>
</decodes>
