<?xml version="1.0" encoding="UTF-8"?>
<!--
*******************************************************************************
!
!   FILE NAME: EMDIFastTemplates-1.2.xml
!
!   Generated file. DO NOT CHANGE MANUALLY!
!
!   Interface version: 002.000.001-2000555.2
!
!   Generated by FASTGen 002.006.041
!   on: 05/11/2013 - 16:42
!
*******************************************************************************
-->
<templates
    xmlns="http://www.fixprotocol.org/ns/fast/td/1.2" xmlns:scp="http://www.fixprotocol.org/ns/fast/scp/1.1" templateNs="http://www.deutsche-boerse.com/ns/fast/mddifast">

 
 
 <template id="94" name="DepthIncremental">
    <string name="MsgType" id="35">
      <constant value="X"/>
    </string>
    <uInt32 name="MsgSeqNum" id="34">
      <increment/>
    </uInt32>
    <uInt32 name="SenderCompID" id="49">
      <copy/>
    </uInt32>
    <uInt32 name="MarketSegmentID" id="1300">
      <copy/>
    </uInt32>
  </template>

  <template id="95" name="QuoteRequest">
    <string name="MsgType" id="35">
      <constant value="R"/>
    </string>
    <uInt32 name="MsgSeqNum" id="34">
      <increment/>
    </uInt32>
    <uInt32 name="SenderCompID" id="49">
      <copy/>
    </uInt32>
    <uInt32 name="MarketSegmentID" id="1300">
      <copy/>
    </uInt32>
  </template>

  <template id="96" name="CrossRequest">
    <string name="MsgType" id="35">
      <constant value="U16"/>
    </string>
    <uInt32 name="MsgSeqNum" id="34">
      <increment/>
    </uInt32>
    <uInt32 name="SenderCompID" id="49"/>
    <uInt32 name="MarketSegmentID" id="1300"/>
    <int64 name="SecurityID" id="48"/>
    <string name="SecurityIDSource" id="22">
      <constant value="M"/>
    </string>
    <uInt32 name="OrderQty" id="38"/>
  </template>
 
  <template id="97" name="ProductStateChange">
    <string name="MsgType" id="35">
      <constant value="h"/>
    </string>
    <uInt32 name="MsgSeqNum" id="34">
      <increment/>
    </uInt32>
    <uInt32 name="SenderCompID" id="49">
      <copy/>
    </uInt32>
    <uInt32 name="MarketSegmentID" id="1300">
      <copy/>
    </uInt32>
  </template>

   <template id="112" name="EMDPacketHeader">
    <uInt32 name="PartitionID" id="5948"/>
    <uInt32 name="SenderCompID" id="49"/>
    <byteVector name="PacketSeqNum"/>
    <byteVector name="SendingTime"/>
    <byteVector name="PerformanceIndicator"/>
  </template>

  <template id="113" name="EMDPacketHeader">
    <uInt32 name="PartitionID" id="5948"/>
    <uInt32 name="SenderCompID" id="49"/>
    <byteVector name="PacketSeqNum"/>
    <byteVector name="SendingTime"/>
    <byteVector name="PerformanceIndicator"/>
  </template>


  <template id="109" name="Beacon">
    <string name="MsgType" id="35">
      <constant value="0"/>
    </string>
    <uInt32 name="SenderCompID" id="49">
      <copy/>
    </uInt32>
    <uInt32 name="SenderSubID" id="50">
      <copy/>
    </uInt32>
    <uInt32 name="LastMsgSeqNumProcessed" id="369"/>
  </template>

    <template id="124" name="ComplexInstrumentUpdate">
    <string name="MsgType" id="35">
      <constant value="BP"/>
    </string>
    <uInt32 name="MsgSeqNum" id="34">
      <increment/>
    </uInt32>
    <uInt32 name="SenderCompID" id="49">
      <copy/>
    </uInt32>
    <string name="SecurityUpdateAction" id="980">
      <constant value="A"/>
    </string>
    <int64 name="SecurityID" id="48"/>
    <string name="SecurityIDSource" id="22">
      <constant value="M"/>
    </string>
    <string name="SecurityDesc" id="107"/>

  </template>

 
</templates>
