<filters>
        <filter id="eti_10100_new_ord" template="eti_10100_new_ord">
                <expression detail="templateid" equal="10100"/>
        </filter>
        <filter id="eti_10101_new_ord_resp" template="eti_10101_new_ord_resp">
                <expression detail="templateid" equal="10101"/>
        </filter>
        <filter id="eti_10125_new_ord_s" template="eti_10125_new_ord_s">
                <expression detail="templateid" equal="10125"/>
        </filter>
        <filter id="eti_10102_new_ord_s_resp" template="eti_10102_new_ord_s_resp">
                <expression detail="templateid" equal="10102"/>
        </filter>
        <filter id="eti_10113_new_ord_m" template="eti_10113_new_ord_m">
                <expression detail="templateid" equal="10113"/>
        </filter>
        <filter id="eti_10103_imm_exec_resp" template="eti_10103_imm_exec_resp">
                <expression detail="templateid" equal="10103"/>
        </filter>
        <filter id="eti_10104_book_order_exec" template="eti_10104_book_order_exec">
                <expression detail="templateid" equal="10104"/>
        </filter>
        <filter id="eti_10106_rep_ord" template="eti_10106_rep_ord">
                <expression detail="templateid" equal="10106"/>
        </filter>
        <filter id="eti_10107_rep_ord_resp" template="eti_10107_rep_ord_resp">
                <expression detail="templateid" equal="10107"/>
        </filter>
        <filter id="eti_10126_rep_ord_s" template="eti_10126_rep_ord_s">
                <expression detail="templateid" equal="10126"/>
        </filter>
        <filter id="eti_10108_rep_ord_resp_s" template="eti_10108_rep_ord_resp_s">
                <expression detail="templateid" equal="10108"/>
        </filter>
        <filter id="eti_10114_rep_ord_m" template="eti_10114_rep_ord_m">
                <expression detail="templateid" equal="10114"/>
        </filter>
        <filter id="eti_10109_can_ord" template="eti_10109_can_ord">
                <expression detail="templateid" equal="10109"/>
        </filter>
        <filter id="eti_10107_can_ord_resp" template="eti_10107_can_ord_resp">
                <expression detail="templateid" equal="10107"/>
        </filter>
        <filter id="eti_10111_can_ord_resp_s" template="eti_10111_can_ord_resp_s">
                <expression detail="templateid" equal="10111"/>
        </filter>
        <filter id="eti_10123_can_ord_m" template="eti_10123_can_ord_m">
                <expression detail="templateid" equal="10123"/>
        </filter>
        <filter id="eti_10112_can_ord_not" template="eti_10112_can_ord_not">
                <expression detail="templateid" equal="10112"/>
        </filter>
        <filter id="eti_10120_mass_can_ord" template="eti_10120_mass_can_ord">
                <expression detail="templateid" equal="10120"/>
        </filter>
        <filter id="eti_10121_10124_mass_can_resp" template="eti_10121_10124_mass_can_resp">
                <expression detail="templateid" range="10121,10124"/>
        </filter>
        <filter id="eti_10122_mass_can_not" template="eti_10122_mass_can_not">
                <expression detail="templateid" equal="10122"/>
        </filter>
        <filter id="eti_10401_10118_quote_cross_req" template="eti_10401_10118_quote_cross_req">
                <expression detail="templateid" range="10401,10118"/>
        </filter>
        <filter id="eti_10402_10119_quote_cross_req_resp" template="eti_10402_10119_quote_cross_req_resp">
                <expression detail="templateid" range="10402,10119"/>
        </filter>
        <filter id="eti_10405_mass_quote" template="eti_10405_mass_quote">
                <expression detail="templateid" equal="10405"/>
        </filter>
        <filter id="eti_10406_mass_quote_resp" template="eti_10406_mass_quote_resp">
                <expression detail="templateid" equal="10406"/>
        </filter>
        <filter id="eti_10407_quote_exec" template="eti_10407_quote_exec">
                <expression detail="templateid" equal="10407"/>
        </filter>
        <filter id="eti_10408_quote_mass_cancel_req" template="eti_10408_quote_mass_cancel_req">
                <expression detail="templateid" equal="10408"/>
        </filter>
        <filter id="eti_10409_quote_mass_canc_resp" template="eti_10409_quote_mass_canc_resp">
                <expression detail="templateid" equal="10409"/>
        </filter>
        <filter id="eti_10410_quote_mass_canc_not" template="eti_10410_quote_mass_canc_not">
                <expression detail="templateid" equal="10410"/>
        </filter>
        <filter id="eti_10403_quote_activ_req" template="eti_10403_quote_activ_req">
                <expression detail="templateid" equal="10403"/>
        </filter>
        <filter id="eti_10404_quote_activ_resp" template="eti_10404_quote_activ_resp">
                <expression detail="templateid" equal="10404"/>
        </filter>
        <filter id="eti_10411_quote_activ_not" template="eti_10411_quote_activ_not">
                <expression detail="templateid" equal="10411"/>
        </filter>
        <filter id="eobi_header" template="eobi_header">
                <expression detail="templateid" equal="13002"/>
        </filter>
        <filter id="eobi_13100_ord_add" template="eobi_13100_ord_add">
                <expression detail="templateid" equal="13100"/>
        </filter>
        <filter id="eobi_13101_order_mod" template="eobi_13101_order_mod">
                <expression detail="templateid" equal="13101"/>
        </filter>
        <filter id="eobi_13504_top_of_book" template="eobi_13504_top_of_book">
                <expression detail="templateid" equal="13504"/>
        </filter>
        <filter id="eobi_13102_order_del" template="eobi_13102_order_del">
                <expression detail="templateid" equal="13102"/>
        </filter>
        <filter id="eobi_13103_order_mass_del" template="eobi_13103_order_mass_del">
                <expression detail="templateid" equal="13103"/>
        </filter>
        <filter id="eobi_13106_order_mod_same_priority" template="eobi_13106_order_mod_same_priority">
                <expression detail="templateid" equal="13106"/>
        </filter>
        <filter id="eobi_13104_13105_order_exec" template="eobi_13104_13105_order_exec">
                <expression detail="templateid" range="13104,13105"/>
        </filter>
        <filter id="eobi_13202_exec_summary" template="eobi_13202_exec_summary">
                <expression detail="templateid" equal="13202"/>
        </filter>
        <filter id="eobi_13503_quote_request" template="eobi_13503_quote_request">
                <expression detail="templateid" equal="13503"/>
        </filter>
        <filter id="eobi_13502_cross_request" template="eobi_13502_cross_request">
                <expression detail="templateid" equal="13502"/>
        </filter>
        <filter id="eobi_13201_trade_report" template="eobi_13201_trade_report">
                <expression detail="templateid" equal="13201"/>
        </filter>
        <filter id="Eurex-EMDI_packet" template="Eurex-EMDI">
                <expression detail="template" equal="113"/>
        </filter>
        <filter id="Eurex-EMDI_message" template="Eurex-EMDI">
                <expression detail="template" match="94|95|96|97|124"/>
        </filter>
        <filter id="Eurex-EMDI_beacon" template="Eurex-EMDI">
                <expression detail="template" match="109"/>
        </filter>
</filters>
