<interfaces>
        <interface device="/opt/p2d/pcap/capture.pcap" from="start" id="1" to="end" type="pcap" output="eti_csv_only">
                <dataflows>
                        <dataflow decode="eti_10100_new_ord" filter="eti_10100_new_ord" id="1"  />
                        <dataflow decode="eti_10101_new_ord_resp" filter="eti_10101_new_ord_resp" id="2"  />
                        <dataflow decode="eti_10125_new_ord_s" filter="eti_10125_new_ord_s" id="3"  />
                        <dataflow decode="eti_10102_new_ord_s_resp" filter="eti_10102_new_ord_s_resp" id="4"  />
                        <dataflow decode="eti_10113_new_ord_m" filter="eti_10113_new_ord_m" id="5"  />
                        <dataflow decode="eti_10103_imm_exec_resp" filter="eti_10103_imm_exec_resp" id="6"  />
                        <dataflow decode="eti_10104_book_order_exec" filter="eti_10104_book_order_exec" id="7"  />
                        <dataflow decode="eti_10106_rep_ord" filter="eti_10106_rep_ord" id="8"  />
                        <dataflow decode="eti_10107_rep_ord_resp" filter="eti_10107_rep_ord_resp" id="9"  />
                        <dataflow decode="eti_10126_rep_ord_s" filter="eti_10126_rep_ord_s" id="10"  />
                        <dataflow decode="eti_10108_rep_ord_resp_s" filter="eti_10108_rep_ord_resp_s" id="11"  />
                        <dataflow decode="eti_10114_rep_ord_m" filter="eti_10114_rep_ord_m" id="12"  />
                        <dataflow decode="eti_10109_can_ord" filter="eti_10109_can_ord" id="13"  />
                        <dataflow decode="eti_10107_can_ord_resp" filter="eti_10107_can_ord_resp" id="14"  />
                        <dataflow decode="eti_10111_can_ord_resp_s" filter="eti_10111_can_ord_resp_s" id="15"  />
                        <dataflow decode="eti_10123_can_ord_m" filter="eti_10123_can_ord_m" id="16"  />
                        <dataflow decode="eti_10112_can_ord_not" filter="eti_10112_can_ord_not" id="17"  />
                        <dataflow decode="eti_10120_mass_can_ord" filter="eti_10120_mass_can_ord" id="18"  />
                        <dataflow decode="eti_10121_10124_mass_can_resp" filter="eti_10121_10124_mass_can_resp" id="19"  />
                        <dataflow decode="eti_10122_mass_can_not" filter="eti_10122_mass_can_not" id="20"  />
                        <dataflow decode="eti_10401_10118_quote_cross_req" filter="eti_10401_10118_quote_cross_req" id="21"  />
                        <dataflow decode="eti_10402_10119_quote_cross_req_resp" filter="eti_10402_10119_quote_cross_req_resp" id="22"  />
                        <dataflow decode="eti_10405_mass_quote" filter="eti_10405_mass_quote" id="23"  />
                        <dataflow decode="eti_10406_mass_quote_resp" filter="eti_10406_mass_quote_resp" id="24"  />
                        <dataflow decode="eti_10407_quote_exec" filter="eti_10407_quote_exec" id="25"  />
                        <dataflow decode="eti_10408_quote_mass_cancel_req" filter="eti_10408_quote_mass_cancel_req" id="26"  />
                        <dataflow decode="eti_10409_quote_mass_canc_resp" filter="eti_10409_quote_mass_canc_resp" id="27"  />
                        <dataflow decode="eti_10410_quote_mass_canc_not" filter="eti_10410_quote_mass_canc_not" id="28"  />
                        <dataflow decode="eti_10403_quote_activ_req" filter="eti_10403_quote_activ_req" id="29"  />
                        <dataflow decode="eti_10404_quote_activ_resp" filter="eti_10404_quote_activ_resp" id="30"  />
                        <dataflow decode="eti_10411_quote_activ_not" filter="eti_10411_quote_activ_not" id="31"  />
                </dataflows>
        </interface>
        <interface device="/opt/p2d/pcap/capture.pcap" from="start" id="2" to="end" type="pcap" output="eobi_csv_only">
                <dataflows>

                        <dataflow decode="eobi_header" filter="eobi_header" id="32"  />
                        <dataflow decode="eobi_13100_ord_add" filter="eobi_13100_ord_add" id="33"  />
                        <dataflow decode="eobi_13101_order_mod" filter="eobi_13101_order_mod" id="34"  />
                        <dataflow decode="eobi_13504_top_of_book" filter="eobi_13504_top_of_book" id="35"  />
                        <dataflow decode="eobi_13102_order_del" filter="eobi_13102_order_del" id="36"  />
                        <dataflow decode="eobi_13103_order_mass_del" filter="eobi_13103_order_mass_del" id="37"  />
                        <dataflow decode="eobi_13106_order_mod_same_priority" filter="eobi_13106_order_mod_same_priority" id="38"  />
                        <dataflow decode="eobi_13104_13105_order_exec" filter="eobi_13104_13105_order_exec" id="39"  />
                        <dataflow decode="eobi_13202_exec_summary" filter="eobi_13202_exec_summary" id="40"  />
                        <dataflow decode="eobi_13503_quote_request" filter="eobi_13503_quote_request" id="41"  />
                        <dataflow decode="eobi_13502_cross_request" filter="eobi_13502_cross_request" id="42"  />
                        <dataflow decode="eobi_13201_trade_report" filter="eobi_13201_trade_report" id="43"  />
                </dataflows>
        </interface>

        <interface device="/opt/p2d/pcap/capture.pcap" from="start" id="3" to="end" type="pcap" output="emdi_csv_only">
                <dataflows>
                        <dataflow decode="Eurex-EMDI" filter="Eurex-EMDI_packet" id="44"   />
                        <dataflow decode="Eurex-EMDI" filter="Eurex-EMDI_message" id="45"  />
                        <dataflow decode="Eurex-EMDI" filter="Eurex-EMDI_beacon" id="46"  />
                </dataflows>
        </interface>

</interfaces>
