<layers>
        <layer id="frame" name="Frame" protocol="pcap">
                <field id="sec" size="4" tagkey="sec" type="bigend"/>
                <field id="nsec" size="4" tagkey="nsec" type="bigend"/>
                <field id="len" size="2" tagkey="len" type="bigend"/>
                <field id="clen" size="2" tagkey="clen" type="bigend"/>
                <field id="cdm" size="2" tagkey="cdm" type="bigend"/>
                <field id="xdr" size="8" tagkey="xdr" type="bigend"/>
        </layer>
        <layer id="eth" name="Ethernet" protocol="eth">
                <field id="dst" size="6" tagkey="dst" type="binary"/>
                <field id="src" size="6" tagkey="src" type="binary"/>
                <field id="vid" size="2" tagkey="vid" type="bigend"/>
                <field id="vid2" size="2" tagkey="vid2" type="bigend"/>
        </layer>
        <layer id="trunk" name="Trunk" size="10">
                <field id="trunk" offset="0" size="10" type="binary"/>
        </layer>
        <layer id="ip" name="IP" protocol="ip">
                <field id="id" size="2" tagkey="id" type="bigend"/>
                <field id="src" size="4" tagkey="src" type="ipaddr"/>
                <field id="dst" size="4" tagkey="dst" type="ipaddr"/>
        </layer>
        <layer id="tcp" name="TCP" protocol="tcp">
                <field id="src" size="2" tagkey="src" type="bigend"/>
                <field id="dst" size="2" tagkey="dst" type="bigend"/>
                <field id="seq" size="4" tagkey="seq" type="bigend"/>
                <field id="ack" size="4" tagkey="ack" type="bigend"/>
        </layer>
        <layer id="udp" name="UDP" protocol="udp">
                <field id="src" size="2" tagkey="src" type="bigend"/>
                <field id="dst" size="2" tagkey="dst" type="bigend"/>
                <field id="len" size="2" tagkey="len" type="bigend"/>
                <field id="sum" size="2" tagkey="sum" type="binary"/>
        </layer>
        <layer id="mcast-req" name="Multicast Request" size="125">
                <field id="header" offset="0" size="125" type="binary"/>
        </layer>
        <layer id="mcast-resp" name="Multicast Response" size="119">
                <field id="header" offset="0" size="119" type="binary"/>
        </layer>
        <layer id="eti-msg" size="bodylen">
                <field id="bodylen" offset="0" size="4" type="ltlend"/>
                <field id="templateid" offset="4" size="2" type="ltlend"/>
        </layer>
        <layer id="eti_10100_new_ord" size="160">
                <field id="bodylen" offset="0" size="4" type="ltlend"/>
                <field id="templateid" offset="4" size="2" type="ltlend"/>
                <field id="msgseqnum" offset="16" size="4" type="ltlend"/>
                <field id="sendersubid" offset="20" size="4" type="ltlend"/>
                <field id="price" offset="24" size="8" type="ltlend"/>
                <field id="clordid" offset="40" size="8" type="ltlend"/>
                <field id="orderqty" offset="48" size="4" type="ltlend"/>
                <field id="mktsegid" offset="56" size="4" type="ltlend"/>
                <field id="simplesecid" offset="60" size="4" type="ltlend"/>
        </layer>
        <layer id="eti_10101_new_ord_resp" size="136">
                <field id="bodylen" offset="0" size="4" type="ltlend"/>
                <field id="templateid" offset="4" size="2" type="ltlend"/>
                <field id="requesttime" offset="8" size="8" type="ltlend"/>
                <field id="trdregtstimein" offset="24" size="8" type="ltlend"/>
                <field id="trdregtstimeout" offset="32" size="8" type="ltlend"/>
                <field id="sendingtime" offset="48" size="8" type="ltlend"/>
                <field id="msgseqnum" offset="56" size="4" type="ltlend"/>
                <field id="ordid" offset="80" size="8" type="ltlend"/>
                <field id="clordid" offset="88" size="8" type="ltlend"/>
                <field id="secid" offset="96" size="8" type="ltlend"/>
                <field id="execid" offset="104" size="8" type="ltlend"/>
                <field id="trdregTSentry" offset="112" size="8" type="ltlend"/>
                <field id="trdregTStimepriority" offset="120" size="8" type="ltlend"/>
                <field id="ordstatus" offset="128" size="1" type="ltlend"/>
                <field id="exectype" offset="129" size="1" type="ltlend"/>
        </layer>
        <layer id="eti_10125_new_ord_s" size="64">
                <field id="bodylen" offset="0" size="4" type="ltlend"/>
                <field id="templateid" offset="4" size="2" type="ltlend"/>
                <field id="msgseqnum" offset="16" size="4" type="ltlend"/>
                <field id="sendersubid" offset="20" size="4" type="ltlend"/>
                <field id="price" offset="24" size="8" type="ltlend"/>
                <field id="clordid" offset="32" size="8" type="ltlend"/>
                <field id="orderqty" offset="40" size="4" type="ltlend"/>
                <field id="simplesecid" offset="44" size="4" type="ltlend"/>
        </layer>
        <layer id="eti_10102_new_ord_s_resp" size="104">
                <field id="bodylen" offset="0" size="4" type="ltlend"/>
                <field id="templateid" offset="4" size="2" type="ltlend"/>
                <field id="requesttime" offset="8" size="8" type="ltlend"/>
                <field id="trdregtstimein" offset="24" size="8" type="ltlend"/>
                <field id="trdregtstimeout" offset="32" size="8" type="ltlend"/>
                <field id="sendingtime" offset="48" size="8" type="ltlend"/>
                <field id="msgseqnum" offset="56" size="4" type="ltlend"/>
                <field id="ordid" offset="64" size="8" type="ltlend"/>
                <field id="clordid" offset="72" size="8" type="ltlend"/>
                <field id="secid" offset="80" size="8" type="ltlend"/>
                <field id="execid" offset="88" size="8" type="ltlend"/>
                <field id="ordstatus" offset="96" size="1" type="ltlend"/>
                <field id="exectype" offset="97" size="1" type="ltlend"/>
        </layer>
        <layer id="eti_10113_new_ord_m" size="168">
                <field id="bodylen" offset="0" size="4" type="ltlend"/>
                <field id="templateid" offset="4" size="2" type="ltlend"/>
                <field id="msgseqnum" offset="16" size="4" type="ltlend"/>
                <field id="sendersubid" offset="20" size="4" type="ltlend"/>
                <field id="clordid" offset="24" size="8" type="ltlend"/>
                <field id="secid" offset="32" size="8" type="ltlend"/>
                <field id="price" offset="40" size="8" type="ltlend"/>
                <field id="mktsegid" offset="48" size="4" type="ltlend"/>
                <field id="orderqty" offset="52" size="4" type="ltlend"/>
        </layer>
        <layer id="eti_10103_imm_exec_resp" size="192">
                <field id="bodylen" offset="0" size="4" type="ltlend"/>
                <field id="templateid" offset="4" size="2" type="ltlend"/>
                <field id="requesttime" offset="8" size="8" type="ltlend"/>
                <field id="trdregtstimein" offset="24" size="8" type="ltlend"/>
                <field id="trdregtstimeout" offset="32" size="8" type="ltlend"/>
                <field id="sendingtime" offset="48" size="8" type="ltlend"/>
                <field id="msgseqnum" offset="56" size="4" type="ltlend"/>
                <field id="ordid" offset="80" size="8" type="ltlend"/>
                <field id="clordid" offset="88" size="8" type="ltlend"/>
                <field id="origclordid" offset="96" size="8" type="ltlend"/>
                <field id="secid" offset="104" size="8" type="ltlend"/>
                <field id="execid" offset="112" size="8" type="ltlend"/>
                <field id="trdregTSentry" offset="120" size="8" type="ltlend"/>
                <field id="trdregTStimepriority" offset="128" size="8" type="ltlend"/>
                <field id="mktsegid" offset="136" size="4" type="ltlend"/>
                <field id="ordstatus" offset="157" size="1" type="ltlend"/>
                <field id="exectype" offset="158" size="1" type="ltlend"/>
        </layer>
        <layer id="eti_10104_book_order_exec" size="152">
                <field id="bodylen" offset="0" size="4" type="ltlend"/>
                <field id="templateid" offset="4" size="2" type="ltlend"/>
                <field id="trdregtstimeout" offset="8" size="8" type="ltlend"/>
                <field id="sendingtime" offset="16" size="8" type="ltlend"/>
                <field id="ordid" offset="56" size="8" type="ltlend"/>
                <field id="clordid" offset="64" size="8" type="ltlend"/>
                <field id="origclordid" offset="72" size="8" type="ltlend"/>
                <field id="secid" offset="80" size="8" type="ltlend"/>
                <field id="execid" offset="88" size="8" type="ltlend"/>
                <field id="mktsegid" offset="96" size="4" type="ltlend"/>
                <field id="ordstatus" offset="117" size="1" type="ltlend"/>
                <field id="exectype" offset="118" size="1" type="ltlend"/>
        </layer>
        <layer id="eti_10106_rep_ord" size="184">
                <field id="bodylen" offset="0" size="4" type="ltlend"/>
                <field id="templateid" offset="4" size="2" type="ltlend"/>
                <field id="msgseqnum" offset="16" size="4" type="ltlend"/>
                <field id="sendersubid" offset="20" size="4" type="ltlend"/>
                <field id="ordid" offset="24" size="8" type="ltlend"/>
                <field id="clordid" offset="32" size="8" type="ltlend"/>
                <field id="origclordid" offset="40" size="8" type="ltlend"/>
                <field id="price" offset="48" size="8" type="ltlend"/>
                <field id="orderqty" offset="64" size="4" type="ltlend"/>
                <field id="mktsegid" offset="72" size="4" type="ltlend"/>
                <field id="simplesecid" offset="76" size="4" type="ltlend"/>
        </layer>
        <layer id="eti_10107_rep_ord_resp" size="152">
                <field id="bodylen" offset="0" size="4" type="ltlend"/>
                <field id="templateid" offset="4" size="2" type="ltlend"/>
                <field id="requesttime" offset="8" size="8" type="ltlend"/>
                <field id="trdregtstimein" offset="24" size="8" type="ltlend"/>
                <field id="trdregtstimeout" offset="32" size="8" type="ltlend"/>
                <field id="sendingtime" offset="48" size="8" type="ltlend"/>
                <field id="msgseqnum" offset="56" size="4" type="ltlend"/>
                <field id="ordid" offset="80" size="8" type="ltlend"/>
                <field id="clordid" offset="88" size="8" type="ltlend"/>
                <field id="origclordid" offset="96" size="8" type="ltlend"/>
                <field id="secid" offset="104" size="8" type="ltlend"/>
                <field id="execid" offset="112" size="8" type="ltlend"/>
                <field id="trdregTStimepriority" offset="120" size="8" type="ltlend"/>
                <field id="ordstatus" offset="140" size="1" type="ltlend"/>
                <field id="exectype" offset="141" size="1" type="ltlend"/>
        </layer>
        <layer id="eti_10126_rep_ord_s" size="72">
                <field id="bodylen" offset="0" size="4" type="ltlend"/>
                <field id="templateid" offset="4" size="2" type="ltlend"/>
                <field id="msgseqnum" offset="16" size="4" type="ltlend"/>
                <field id="sendersubid" offset="20" size="4" type="ltlend"/>
                <field id="clordid" offset="24" size="8" type="ltlend"/>
                <field id="origclordid" offset="32" size="8" type="ltlend"/>
                <field id="price" offset="40" size="8" type="ltlend"/>
                <field id="orderqty" offset="48" size="4" type="ltlend"/>
                <field id="simplesecid" offset="52" size="4" type="ltlend"/>
        </layer>
        <layer id="eti_10108_rep_ord_resp_s" size="128">
                <field id="bodylen" offset="0" size="4" type="ltlend"/>
                <field id="templateid" offset="4" size="2" type="ltlend"/>
                <field id="requesttime" offset="8" size="8" type="ltlend"/>
                <field id="trdregtstimein" offset="24" size="8" type="ltlend"/>
                <field id="trdregtstimeout" offset="32" size="8" type="ltlend"/>
                <field id="sendingtime" offset="48" size="8" type="ltlend"/>
                <field id="msgseqnum" offset="56" size="4" type="ltlend"/>
                <field id="ordid" offset="64" size="8" type="ltlend"/>
                <field id="clordid" offset="72" size="8" type="ltlend"/>
                <field id="origclordid" offset="80" size="8" type="ltlend"/>
                <field id="secid" offset="88" size="8" type="ltlend"/>
                <field id="execid" offset="96" size="8" type="ltlend"/>
                <field id="ordstatus" offset="116" size="1" type="ltlend"/>
                <field id="exectype" offset="117" size="1" type="ltlend"/>
        </layer>
        <layer id="eti_10114_rep_ord_m" size="184">
                <field id="bodylen" offset="0" size="4" type="ltlend"/>
                <field id="templateid" offset="4" size="2" type="ltlend"/>
                <field id="msgseqnum" offset="16" size="4" type="ltlend"/>
                <field id="sendersubid" offset="20" size="4" type="ltlend"/>
                <field id="ordid" offset="24" size="8" type="ltlend"/>
                <field id="clordid" offset="32" size="8" type="ltlend"/>
                <field id="origclordid" offset="40" size="8" type="ltlend"/>
                <field id="secid" offset="48" size="8" type="ltlend"/>
                <field id="price" offset="56" size="8" type="ltlend"/>
                <field id="mktsegid" offset="64" size="4" type="ltlend"/>
                <field id="orderqty" offset="68" size="4" type="ltlend"/>
        </layer>
        <layer id="eti_10109_can_ord" size="64">
                <field id="bodylen" offset="0" size="4" type="ltlend"/>
                <field id="templateid" offset="4" size="2" type="ltlend"/>
                <field id="msgseqnum" offset="16" size="4" type="ltlend"/>
                <field id="sendersubid" offset="20" size="4" type="ltlend"/>
                <field id="ordid" offset="24" size="8" type="ltlend"/>
                <field id="clordid" offset="32" size="8" type="ltlend"/>
                <field id="origclordid" offset="40" size="8" type="ltlend"/>
                <field id="mktsegid" offset="48" size="4" type="ltlend"/>
                <field id="simplesecid" offset="52" size="4" type="ltlend"/>
        </layer>
        <layer id="eti_10107_can_ord_resp" size="152">
                <field id="bodylen" offset="0" size="4" type="ltlend"/>
                <field id="templateid" offset="4" size="2" type="ltlend"/>
                <field id="requesttime" offset="8" size="8" type="ltlend"/>
                <field id="trdregtstimein" offset="24" size="8" type="ltlend"/>
                <field id="trdregtstimeout" offset="32" size="8" type="ltlend"/>
                <field id="sendingtime" offset="48" size="8" type="ltlend"/>
                <field id="msgseqnum" offset="56" size="4" type="ltlend"/>
                <field id="ordid" offset="80" size="8" type="ltlend"/>
                <field id="clordid" offset="88" size="8" type="ltlend"/>
                <field id="origclordid" offset="96" size="8" type="ltlend"/>
                <field id="secid" offset="104" size="8" type="ltlend"/>
                <field id="execid" offset="112" size="8" type="ltlend"/>
                <field id="ordstatus" offset="140" size="1" type="ltlend"/>
                <field id="exectype" offset="141" size="1" type="ltlend"/>
        </layer>
        <layer id="eti_10111_can_ord_resp_s" size="120">
                <field id="bodylen" offset="0" size="4" type="ltlend"/>
                <field id="templateid" offset="4" size="2" type="ltlend"/>
                <field id="requesttime" offset="8" size="8" type="ltlend"/>
                <field id="trdregtstimein" offset="24" size="8" type="ltlend"/>
                <field id="trdregtstimeout" offset="32" size="8" type="ltlend"/>
                <field id="sendingtime" offset="48" size="8" type="ltlend"/>
                <field id="msgseqnum" offset="56" size="4" type="ltlend"/>
                <field id="ordid" offset="64" size="8" type="ltlend"/>
                <field id="clordid" offset="72" size="8" type="ltlend"/>
                <field id="origclordid" offset="80" size="8" type="ltlend"/>
                <field id="secid" offset="88" size="8" type="ltlend"/>
                <field id="execid" offset="96" size="8" type="ltlend"/>
                <field id="ordstatus" offset="112" size="1" type="ltlend"/>
                <field id="exectype" offset="113" size="1" type="ltlend"/>
        </layer>
        <layer id="eti_10123_can_ord_m" size="72">
                <field id="bodylen" offset="0" size="4" type="ltlend"/>
                <field id="templateid" offset="4" size="2" type="ltlend"/>
                <field id="msgseqnum" offset="16" size="4" type="ltlend"/>
                <field id="sendersubid" offset="20" size="4" type="ltlend"/>
                <field id="ordid" offset="24" size="8" type="ltlend"/>
                <field id="clordid" offset="32" size="8" type="ltlend"/>
                <field id="origclordid" offset="40" size="8" type="ltlend"/>
                <field id="secid" offset="48" size="8" type="ltlend"/>
                <field id="mktsegid" offset="56" size="4" type="ltlend"/>
        </layer>
        <layer id="eti_10112_can_ord_not" size="120">
                <field id="bodylen" offset="0" size="4" type="ltlend"/>
                <field id="templateid" offset="4" size="2" type="ltlend"/>
                <field id="trdregtstimeout" offset="8" size="8" type="ltlend"/>
                <field id="ordid" offset="56" size="8" type="ltlend"/>
                <field id="clordid" offset="64" size="8" type="ltlend"/>
                <field id="origclordid" offset="72" size="8" type="ltlend"/>
                <field id="secid" offset="80" size="8" type="ltlend"/>
                <field id="execid" offset="88" size="8" type="ltlend"/>
                <field id="ordstatus" offset="115" size="1" type="ltlend"/>
                <field id="exectype" offset="116" size="1" type="ltlend"/>
        </layer>
        <layer id="eti_10120_mass_can_ord" size="48">
                <field id="bodylen" offset="0" size="4" type="ltlend"/>
                <field id="templateid" offset="4" size="2" type="ltlend"/>
                <field id="msgseqnum" offset="16" size="4" type="ltlend"/>
                <field id="sendersubid" offset="20" size="4" type="ltlend"/>
                <field id="secid" offset="24" size="8" type="ltlend"/>
                <field id="mktsegid" offset="32" size="4" type="ltlend"/>
        </layer>
        <layer id="eti_10121_10124_mass_can_resp" size="122">
                <field id="bodylen" offset="0" size="4" type="ltlend"/>
                <field id="templateid" offset="4" size="2" type="ltlend"/>
                <field id="requesttime" offset="8" size="8" type="ltlend"/>
                <field id="trdregtstimein" offset="24" size="8" type="ltlend"/>
                <field id="trdregtstimeout" offset="32" size="8" type="ltlend"/>
                <field id="sendingtime" offset="48" size="8" type="ltlend"/>
                <field id="msgseqnum" offset="56" size="4" type="ltlend"/>
        </layer>
        <layer id="eti_10122_mass_can_not" size="112">
                <field id="bodylen" offset="0" size="4" type="ltlend"/>
                <field id="templateid" offset="4" size="2" type="ltlend"/>
                <field id="trdregtstimeout" offset="8" size="8" type="ltlend"/>
                <field id="sendingtime" offset="16" size="8" type="ltlend"/>
                <field id="secid" offset="64" size="8" type="ltlend"/>
                <field id="mktsegid" offset="72" size="4" type="ltlend"/>
        </layer>
        <layer id="eti_10401_10118_quote_cross_req" size="72">
                <field id="bodylen" offset="0" size="4" type="ltlend"/>
                <field id="templateid" offset="4" size="2" type="ltlend"/>
                <field id="msgseqnum" offset="16" size="4" type="ltlend"/>
                <field id="sendersubid" offset="20" size="4" type="ltlend"/>
                <field id="secid" offset="24" size="8" type="ltlend"/>
                <field id="mktsegid" offset="32" size="4" type="ltlend"/>
                <field id="orderqty" offset="36" size="4" type="ltlend"/>
        </layer>
        <layer id="eti_10402_10119_quote_cross_req_resp" size="72">
                <field id="bodylen" offset="0" size="4" type="ltlend"/>
                <field id="templateid" offset="4" size="2" type="ltlend"/>
                <field id="requesttime" offset="8" size="8" type="ltlend"/>
                <field id="trdregtstimein" offset="24" size="8" type="ltlend"/>
                <field id="trdregtstimeout" offset="32" size="8" type="ltlend"/>
                <field id="sendingtime" offset="48" size="8" type="ltlend"/>
                <field id="msgseqnum" offset="56" size="4" type="ltlend"/>
                <field id="execid" offset="64" size="8" type="ltlend"/>
        </layer>
        <layer id="eti_10405_mass_quote" size="80">
                <field id="bodylen" offset="0" size="4" type="ltlend"/>
                <field id="templateid" offset="4" size="2" type="ltlend"/>
                <field id="msgseqnum" offset="16" size="4" type="ltlend"/>
                <field id="sendersubid" offset="20" size="4" type="ltlend"/>
                <field id="quoteid" offset="24" size="8" type="ltlend"/>
                <field id="mktsegid" offset="32" size="4" type="ltlend"/>
        </layer>
        <layer id="eti_10406_mass_quote_resp" size="112">
                <field id="bodylen" offset="0" size="4" type="ltlend"/>
                <field id="templateid" offset="4" size="2" type="ltlend"/>
                <field id="requesttime" offset="8" size="8" type="ltlend"/>
                <field id="trdregtstimein" offset="24" size="8" type="ltlend"/>
                <field id="trdregtstimeout" offset="32" size="8" type="ltlend"/>
                <field id="sendingtime" offset="48" size="8" type="ltlend"/>
                <field id="msgseqnum" offset="56" size="4" type="ltlend"/>
                <field id="quoteid" offset="64" size="8" type="ltlend"/>
                <field id="quoterespid" offset="72" size="8" type="ltlend"/>
                <field id="mktsegid" offset="80" size="4" type="ltlend"/>
        </layer>
        <layer id="eti_10407_quote_exec" size="112">
                <field id="bodylen" offset="0" size="4" type="ltlend"/>
                <field id="templateid" offset="4" size="2" type="ltlend"/>
                <field id="trdregtstimeout" offset="8" size="8" type="ltlend"/>
                <field id="sendingtime" offset="16" size="8" type="ltlend"/>
                <field id="execid" offset="56" size="8" type="ltlend"/>
                <field id="mktsegid" offset="64" size="4" type="ltlend"/>
        </layer>
        <layer id="eti_10408_quote_mass_cancel_req" size="40">
                <field id="bodylen" offset="0" size="4" type="ltlend"/>
                <field id="templateid" offset="4" size="2" type="ltlend"/>
                <field id="msgseqnum" offset="16" size="4" type="ltlend"/>
                <field id="sendersubid" offset="20" size="4" type="ltlend"/>
                <field id="mktsegid" offset="24" size="4" type="ltlend"/>
        </layer>
        <layer id="eti_10409_quote_mass_canc_resp" size="88">
                <field id="bodylen" offset="0" size="4" type="ltlend"/>
                <field id="templateid" offset="4" size="2" type="ltlend"/>
                <field id="requesttime" offset="8" size="8" type="ltlend"/>
                <field id="trdregtstimein" offset="24" size="8" type="ltlend"/>
                <field id="trdregtstimeout" offset="32" size="8" type="ltlend"/>
                <field id="sendingtime" offset="48" size="8" type="ltlend"/>
                <field id="msgseqnum" offset="56" size="4" type="ltlend"/>
        </layer>
        <layer id="eti_10410_quote_mass_canc_not" size="104">
                <field id="bodylen" offset="0" size="4" type="ltlend"/>
                <field id="templateid" offset="4" size="2" type="ltlend"/>
                <field id="trdregtstimeout" offset="8" size="8" type="ltlend"/>
                <field id="sendingtime" offset="16" size="8" type="ltlend"/>
                <field id="secid" offset="64" size="8" type="ltlend"/>
                <field id="mktsegid" offset="72" size="4" type="ltlend"/>
        </layer>
        <layer id="eti_10403_quote_activ_req" size="40">
                <field id="bodylen" offset="0" size="4" type="ltlend"/>
                <field id="templateid" offset="4" size="2" type="ltlend"/>
                <field id="msgseqnum" offset="16" size="4" type="ltlend"/>
                <field id="sendersubid" offset="20" size="4" type="ltlend"/>
                <field id="mktsegid" offset="24" size="4" type="ltlend"/>
        </layer>
        <layer id="eti_10404_quote_activ_resp" size="88">
                <field id="bodylen" offset="0" size="4" type="ltlend"/>
                <field id="templateid" offset="4" size="2" type="ltlend"/>
                <field id="requesttime" offset="8" size="8" type="ltlend"/>
                <field id="trdregtstimein" offset="24" size="8" type="ltlend"/>
                <field id="trdregtstimeout" offset="32" size="8" type="ltlend"/>
                <field id="sendingtime" offset="48" size="8" type="ltlend"/>
                <field id="msgseqnum" offset="56" size="4" type="ltlend"/>
        </layer>
        <layer id="eti_10411_quote_activ_not" size="88">
                <field id="bodylen" offset="0" size="4" type="ltlend"/>
                <field id="templateid" offset="4" size="2" type="ltlend"/>
                <field id="trdregtstimeout" offset="8" size="8" type="ltlend"/>
                <field id="sendingtime" offset="16" size="8" type="ltlend"/>
                <field id="mktsegid" offset="64" size="4" type="ltlend"/>
        </layer>
        <layer id="eobi_header" size="bodylen">
                <field id="bodylen" offset="0" size="2" type="ltlend"/>
                <field id="templateid" offset="2" size="2" type="ltlend"/>
                <field id="applseqnum" offset="8" size="4" type="ltlend"/>
                <field id="MarketSegmentID" offset="12" size="4" type="ltlend"/>
                <field id="PartitionID" offset="16" size="1" type="ltlend"/>
                <field id="CompletionIndicator" offset="17" size="1" type="ltlend"/>
                <field id="ApplSeqResetIndicator" offset="18" size="1" type="ltlend"/>
                <field id="transacttime" offset="24" size="8" type="ltlend"/>
        </layer>
        <layer id="eobi_13100_ord_add" size="bodylen">
                <field id="bodylen" offset="0" size="2" type="ltlend"/>
                <field id="templateid" offset="2" size="2" type="ltlend"/>
                <field id="msgseqnum" offset="4" size="4" type="ltlend"/>
                <field id="trdregtstimein" offset="8" size="8" type="ltlend"/>
                <field id="secid" offset="16" size="8" type="ltlend"/>
                <field id="trdregTStimepriority" offset="24" size="8" type="ltlend"/>
                <field id="qty" offset="32" size="4" type="ltlend"/>
                <field id="side" offset="36" size="1" type="ltlend"/>
                <field id="price" offset="40" size="8" type="ltlend"/>
        </layer>
        <layer id="eobi_13101_order_mod"	size="bodylen">
		<field id="bodylen"	size="2"	type="ltlend"	offset="0"/>
		<field id="templateid"	size="2"	type="ltlend"	offset="2"/>
		<field id="msgseqnum"	size="4"	type="ltlend"	offset="4"/>
		<field id="trdregtstimein"	size="8"	type="ltlend"	offset="8"/>
		<field id="TrdRegTSPrevTime-Pri"	size="8"	type="ltlend"	offset="16"/>
		<field id="PrevPrice"	size="8"	type="ltlend"	offset="24"/>
		<field id="PrevDisplayQty"	size="4"	type="ltlend"	offset="32"/>
		<field id="SecID"	size="8"	type="ltlend"	offset="40"/>
		<field id="trdregTStimepriority"	size="8"	type="ltlend"	offset="48"/>
		<field id="DisplayQty"	size="4"	type="ltlend"	offset="56"/>
		<field id="side"	size="1"	type="ltlend"	offset="60"/>
		<field id="price"	size="8"	type="ltlend"	offset="64"/>
		
	</layer>

        <layer id="eobi_13504_top_of_book" size="bodylen">
                <field id="bodylen" offset="0" size="2" type="ltlend"/>
                <field id="templateid" offset="2" size="2" type="ltlend"/>
                <field id="msgseqnum" offset="4" size="4" type="ltlend"/>
                <field id="transacttime" offset="8" size="8" type="ltlend"/>
                <field id="secid" offset="16" size="8" type="ltlend"/>
                <field id="bidprice" offset="24" size="8" type="ltlend"/>
                <field id="offerprice" offset="32" size="8" type="ltlend"/>
        </layer>
        <layer id="eobi_13102_order_del" size="bodylen">
                <field id="bodylen" offset="0" size="2" type="ltlend"/>
                <field id="templateid" offset="2" size="2" type="ltlend"/>
                <field id="msgseqnum" offset="4" size="4" type="ltlend"/>
                <field id="trdregtstimein" offset="8" size="8" type="ltlend"/>
                <field id="secid" offset="24" size="8" type="ltlend"/>
                <field id="trdregTStimepriority" offset="32" size="8" type="ltlend"/>
                <field id="qty" offset="40" size="4" type="ltlend"/>
                <field id="side" offset="44" size="1" type="ltlend"/>
                <field id="price" offset="48" size="8" type="ltlend"/>
        </layer>
        <layer id="eobi_13103_order_mass_del" size="bodylen">
                <field id="bodylen" offset="0" size="2" type="ltlend"/>
                <field id="templateid" offset="2" size="2" type="ltlend"/>
                <field id="msgseqnum" offset="4" size="4" type="ltlend"/>
                <field id="secid" offset="8" size="8" type="ltlend"/>
        </layer>
        <layer id="eobi_13106_order_mod_same_priority" size="bodylen">
                <field id="bodylen" offset="0" size="2" type="ltlend"/>
                <field id="templateid" offset="2" size="2" type="ltlend"/>
                <field id="msgseqnum" offset="4" size="4" type="ltlend"/>
                <field id="trdregtstimein" offset="8" size="8" type="ltlend"/>
                <field id="secid" offset="32" size="8" type="ltlend"/>
                <field id="trdregTStimepriority" offset="40" size="8" type="ltlend"/>
                <field id="qty" offset="48" size="4" type="ltlend"/>
                <field id="side" offset="52" size="1" type="ltlend"/>
                <field id="price" offset="56" size="8" type="ltlend"/>
        </layer>
        <layer id="eobi_13104_13105_order_exec" size="bodylen">
                <field id="bodylen" offset="0" size="2" type="ltlend"/>
                <field id="templateid" offset="2" size="2" type="ltlend"/>
                <field id="msgseqnum" offset="4" size="4" type="ltlend"/>
                <field id="side" offset="8" size="1" type="ltlend"/>
                <field id="trdregTStimepriority" offset="24" size="8" type="ltlend"/>
                <field id="secid" offset="32" size="8" type="ltlend"/>
                <field id="tradematch" offset="40" size="4" type="ltlend"/>
                <field id="qty" offset="44" size="4" type="ltlend"/>
                <field id="price" offset="48" size="8" type="ltlend"/>
        </layer>
        <layer id="eobi_13202_exec_summary" size="bodylen">
                <field id="bodylen" offset="0" size="2" type="ltlend"/>
                <field id="templateid" offset="2" size="2" type="ltlend"/>
                <field id="msgseqnum" offset="4" size="4" type="ltlend"/>
                <field id="secid" offset="8" size="8" type="ltlend"/>
                <field id="aggressortime" offset="16" size="8" type="ltlend"/>
                <field id="execid" offset="24" size="8" type="ltlend"/>
                <field id="qty" offset="32" size="4" type="ltlend"/>
                <field id="side" offset="36" size="1" type="ltlend"/>
                <field id="price" offset="40" size="8" type="ltlend"/>
        </layer>
        <layer id="eobi_13503_quote_request" size="bodylen">
                <field id="bodylen" offset="0" size="2" type="ltlend"/>
                <field id="templateid" offset="2" size="2" type="ltlend"/>
                <field id="msgseqnum" offset="4" size="4" type="ltlend"/>
                <field id="secid" offset="8" size="8" type="ltlend"/>
                <field id="qty" offset="16" size="4" type="ltlend"/>
                <field id="side" offset="20" size="1" type="ltlend"/>
                <field id="transacttime" offset="24" size="8" type="ltlend"/>
        </layer>
        <layer id="eobi_13502_cross_request" size="bodylen">
                <field id="bodylen" offset="0" size="2" type="ltlend"/>
                <field id="templateid" offset="2" size="2" type="ltlend"/>
                <field id="msgseqnum" offset="4" size="4" type="ltlend"/>
                <field id="secid" offset="8" size="8" type="ltlend"/>
                <field id="qty" offset="16" size="4" type="ltlend"/>
                <field id="transacttime" offset="24" size="8" type="ltlend"/>
        </layer>
        <layer id="eobi_13201_trade_report" size="bodylen">
                <field id="bodylen" offset="0" size="2" type="ltlend"/>
                <field id="templateid" offset="2" size="2" type="ltlend"/>
                <field id="msgseqnum" offset="4" size="4" type="ltlend"/>
                <field id="secid" offset="8" size="8" type="ltlend"/>
                <field id="transacttime" offset="16" size="8" type="ltlend"/>
                <field id="tradematch" offset="24" size="4" type="ltlend"/>
                <field id="qty" offset="28" size="4" type="ltlend"/>
                <field id="price" offset="32" size="8" type="ltlend"/>
        </layer>
        <layer id="emdiskip" size="10">
                <field id="header" offset="0" size="10" type="binary"/>
        </layer>
        <layer id="Eurex-EMDI" map="emditemplate.xml" protocol="fast">
                <field id="template" size="3" tagkey="0" type="ascii"/>
                <field id="PartitionID" size="4" tagkey="PartitionID" type="ltlend"/>
                <field id="SenderCompID" size="4" tagkey="SenderCompID" type="ltlend"/>
                <field id="pktseq_num" size="4" tagkey="PacketSeqNum" type="bigend"/>
                <field id="sending_time" size="8" tagkey="SendingTime" type="bigend"/>
                <field id="PerformanceIndicator" size="4" tagkey="PerformanceIndicator" type="bigend"/>
                <field id="msg_type" size="4" tagkey="MsgType" type="ascii"/>
                <field id="msgseq_num" size="4" tagkey="MsgSeqNum" type="bigend"/>
                <field id="mkt_seg_id" size="4" tagkey="MarketSegmentID" type="bigend"/>
                <field id="sec_id" size="8" tagkey="SecurityID" type="bigend"/>
                <field id="sec_update_action" size="8" tagkey="SecurityUpdateAction" type="ascii"/>
                <field id="sec_id_src" size="10" tagkey="SecurityIDSource" type="ascii"/>
                <field id="sec_desc" size="10" tagkey="SecurityDesc" type="ascii"/>
                <field id="ord_qty" size="10" tagkey="OrderQty" type="ascii"/>
                <field id="sender_sub_id" size="10" tagkey="SenderSubID" type="ascii"/>
                <field id="last_msg_seq_num" size="10" tagkey="LastMsgSeqNumProcessed" type="ascii"/>
        </layer>
 
</layers>
