<outputs>
        <output id="database_only" name="Database Only">
                <destination profile="standard_database" roll="300" type="live"/>
        </output>
        <output id="database_via_socket_only" name="Database via Socket">
                <destination profile="socket_database" roll="300" type="live"/>
        </output>
        <output id="csv_only" name="CSV only">
                <destination path="../csv" roll="300" type="csv"/>
        </output>

        <output id="emdi_csv_only" name="EMDI CSV only">
                <destination path="../csv/emdi/" roll="300" type="csv"/>
        </output>

        <output id="eobi_csv_only" name="EOBI CSV only">
                <destination path="../csv/eobi/" roll="300" type="csv"/>
        </output>
        <output id="eti_csv_only" name="ETI CSV only">
                <destination path="../csv/eti/" roll="300" type="csv"/>
        </output>

        <output id="pcap_only" name="PCAP only">
                <destination path="../csv" roll="300" type="pcap"/>
        </output>
        <output id="pcap_over_tcp" name="PCAP over TCP">
                <destination profile="tcp_connection" roll="300" type="data"/>
        </output>
        <output id="database_and_csv" name="Database and CSV">
                <destination profile="standard_database" roll="300" type="live"/>
                <destination path="../csv" roll="300" type="csv"/>
        </output>
        <output id="database_and_csv_and_pcap" name="Database, CSV, and PCAP">
                <destination profile="standard_database" roll="300" type="live"/>
                <destination path="../csv" roll="300" type="csv"/>
                <destination path="../pcap" roll="300" type="pcap"/>
        </output>
        <output id="database_db_and_pcap" name="Database and PCAP">
                <destination profile="standard_database" roll="300" type="live"/>
                <destination path="../csv" roll="300" type="pcap"/>
        </output>
</outputs>
