<tables>
        <table id="Eurex-ETI">
                <column datatype="varchar" id="ip_src" name="IP Src" ngt="none" notnull="false" size="15" type="varchar"/>
                <column datatype="varchar" id="ip_dst" name="IP Dst" ngt="none" notnull="false" size="15" type="varchar"/>
                <column datatype="smallint" id="src_port" name="SrcPort" ngt="none" notnull="false" type="smallint" unsigned="true"/>
                <column datatype="smallint" id="dst_port" name="DstPort" ngt="none" notnull="false" type="smallint" unsigned="true"/>
                <column datatype="smallint" id="templateid" name="Template" ngt="none" notnull="false" type="smallint" unsigned="TRUE"/>
                <column datatype="int" id="msgseqnum" name="MsgSeqNum" ngt="none" notnull="false" type="int" unsigned="TRUE"/>
                <column datatype="int" id="sendersubid" name="SenderSubID" ngt="none" notnull="false" type="int" unsigned="TRUE"/>
                <column datatype="bigint" id="price" name="Price" ngt="none" notnull="false" type="bigint" unsigned="TRUE"/>
                <column datatype="bigint" id="clordid" name="ClOrdID" ngt="none" notnull="false" type="bigint" unsigned="TRUE"/>
                <column datatype="int" id="orderqty" name="OrderQty" ngt="none" notnull="false" type="int" unsigned="TRUE"/>
                <column datatype="int" id="mktsegid" name="MarketSegmentID" ngt="none" notnull="false" type="int" unsigned="TRUE"/>
                <column datatype="int" id="simplesecid" name="SimpleSecurityID" ngt="none" notnull="false" type="int" unsigned="TRUE"/>
                <column datatype="bigint" id="requesttime" name="RequestTime" ngt="none" notnull="false" type="bigint" unsigned="TRUE"/>
                <column datatype="bigint" id="trdregtstimein" name="TrdRegTSTimeIn" ngt="none" notnull="false" type="bigint" unsigned="TRUE"/>
                <column datatype="bigint" id="trdregtstimeout" name="TrdRegTSTimeOut" ngt="none" notnull="false" type="bigint" unsigned="TRUE"/>
                <column datatype="bigint" id="sendingtime" name="SendingTime" ngt="none" notnull="false" type="bigint" unsigned="TRUE"/>
                <column datatype="bigint" id="secid" name="SecID" ngt="none" notnull="false" type="bigint" unsigned="TRUE"/>
                <column datatype="bigint" id="execid" name="ExecID" ngt="none" notnull="false" type="bigint" unsigned="TRUE"/>
                <column datatype="bigint" id="trdregTSentry" name="TrdRegTSEntry" ngt="none" notnull="false" type="bigint" unsigned="TRUE"/>
                <column datatype="bigint" id="trdregTStimepriority" name="TrdRegTSTimePriority" ngt="none" notnull="false" type="bigint" unsigned="TRUE"/>
                <column datatype="tinyint" id="ordstatus" name="OrdStatus" ngt="none" notnull="false" type="tinyint" unsigned="TRUE"/>
                <column datatype="tinyint" id="exectype" name="ExecType" ngt="none" notnull="false" type="tinyint" unsigned="TRUE"/>
                <column datatype="bigint" id="origclordid" name="OrigClOrdID" ngt="none" notnull="false" type="bigint" unsigned="TRUE"/>
                <column datatype="bigint" id="ordid" name="OrdID" ngt="none" notnull="false" type="bigint" unsigned="TRUE"/>
                <column datatype="tinyint" id="side" name="Side" ngt="none" notnull="false" type="tinyint" unsigned="TRUE"/>
                <column datatype="bigint" id="quoteid" name="QuoteID" ngt="none" notnull="false" type="bigint" unsigned="TRUE"/>
                <column datatype="bigint" id="quoterespid" name="QuoteRespID" ngt="none" notnull="false" type="bigint" unsigned="TRUE"/>
        </table>
        <table id="eobi_header">
                <column datatype="varchar" id="ip_src" name="IP Src" ngt="none" notnull="false" size="15" type="varchar"/>
                <column datatype="varchar" id="ip_dst" name="IP Dst" ngt="none" notnull="false" size="15" type="varchar"/>
                <column datatype="smallint" id="udp_src" name="SrcPort" ngt="none" notnull="false" type="smallint" unsigned="true"/>
                <column datatype="smallint" id="udp_dst" name="DstPort" ngt="none" notnull="false" type="smallint" unsigned="true"/>
                <column datatype="int" id="bodylen" name="BodyLength" ngt="none" notnull="false" type="int" unsigned="TRUE"/>
                <column datatype="int" id="templateid" name="Template" ngt="none" notnull="false" type="int" unsigned="TRUE"/>
                <column datatype="int" id="applseqnum" name="ApplSeqNum" ngt="none" notnull="false" type="int" unsigned="TRUE"/>
                <column datatype="varchar" id="MarketSegmentID" name="MarketSegmentID" ngt="none" notnull="false" size="10" type="varchar"/>
                <column datatype="int" id="PartitionID" name="PartitionID" ngt="none" notnull="false" type="int" unsigned="TRUE"/>
                <column datatype="int" id="CompletionIndicator" name="CompletionIndicator" ngt="none" notnull="false" type="int" unsigned="TRUE"/>
                <column datatype="int" id="ApplSeqResetIndicator" name="ApplSeqResetIndicator" ngt="none" notnull="false" type="int" unsigned="TRUE"/>
                <column datatype="bigint" id="transacttime" name="TransactionTime" ngt="none" notnull="false" type="bigint" unsigned="TRUE"/>
        </table>
        <table id="eobi_msg_md">
                <column datatype="varchar" id="ip_src" name="IP Src" ngt="none" notnull="false" size="15" type="varchar"/>
                <column datatype="varchar" id="ip_dst" name="IP Dst" ngt="none" notnull="false" size="15" type="varchar"/>
                <column datatype="smallint" id="udp_src" name="SrcPort" ngt="none" notnull="false" type="smallint" unsigned="true"/>
                <column datatype="smallint" id="udp_dst" name="DstPort" ngt="none" notnull="false" type="smallint" unsigned="true"/>
                <column datatype="smallint" id="templateid" name="Template" ngt="none" notnull="false" type="smallint" unsigned="TRUE"/>
                <column datatype="int" id="msgseqnum" name="MsgSeqNum" ngt="none" notnull="false" type="int" unsigned="TRUE"/>
                <column datatype="bigint" id="price" name="Price" ngt="none" notnull="false" type="bigint" unsigned="TRUE"/>
                <column datatype="bigint" id="qty" name="Quantity" ngt="none" notnull="false" type="bigint" unsigned="TRUE"/>
                <column datatype="bigint" id="bidprice" name="BidPrice" ngt="none" notnull="false" type="bigint" unsigned="TRUE"/>
                <column datatype="bigint" id="trdregtstimein" name="TrdRegTSTimeIn" ngt="none" notnull="false" type="bigint" unsigned="TRUE"/>
                <column datatype="bigint" id="secid" name="SecID" ngt="none" notnull="false" type="bigint" unsigned="TRUE"/>
                <column datatype="bigint" id="execid" name="ExecID" ngt="none" notnull="false" type="bigint" unsigned="TRUE"/>
                <column datatype="bigint" id="trdregTStimepriority" name="TrdRegTSTimePriority" ngt="none" notnull="false" type="bigint" unsigned="TRUE"/>
                <column datatype="tinyint" id="side" name="Side" ngt="none" notnull="false" type="tinyint" unsigned="TRUE"/>
                <column datatype="bigint" id="transacttime" name="TransactionTime" ngt="none" notnull="false" type="bigint" unsigned="TRUE"/>
                <column datatype="bigint" id="offerprice" name="OfferPrice" ngt="none" notnull="false" type="bigint" unsigned="TRUE"/>
                <column datatype="bigint" id="aggressortime" name="AggressorTime" ngt="none" notnull="false" type="bigint" unsigned="TRUE"/>
                <column datatype="int" id="tradematch" name="TradeMatch" ngt="none" notnull="false" type="int" unsigned="TRUE"/>
        </table>
        <table id="Eurex-EMDI">
                <column datatype="varchar" id="vid" name="VLAN ID" ngt="none" notnull="false" size="5" type="varchar"/>
                <column datatype="varchar" id="ip_src" name="IP SRC" ngt="none" notnull="false" size="15" type="varchar"/>
                <column datatype="varchar" id="ip_dst" name="IP DST" ngt="none" notnull="false" size="15" type="varchar"/>
                <column datatype="smallint" id="udp_src" name="TCP SRC" ngt="none" notnull="false" type="smallint" unsigned="true"/>
                <column datatype="smallint" id="udp_dst" name="TCP DST" ngt="none" notnull="false" type="smallint" unsigned="true"/>
                <column datatype="varchar" id="template" name="Template" ngt="none" notnull="false" size="4" type="varchar"/>
                <column datatype="varchar" id="PartitionID" name="Partition ID" ngt="none" notnull="false" size="10" type="varchar"/>
                <column datatype="varchar" id="pktseq_num" name="Packet Seq No" ngt="none" notnull="false" size="12" type="varchar"/>
                <column datatype="varchar" id="SenderCompID" name="Sender Comp ID" ngt="none" notnull="false" size="8" type="varchar"/>
                <column datatype="varchar" id="sending_time" name="Sending Time" ngt="none" notnull="false" size="24" type="varchar"/>
                <column datatype="varchar" id="PerformanceIndicator" name="Performance Indicator" ngt="none" notnull="false" size="12" type="varchar"/>
                <column datatype="varchar" id="msgseq_num" name="MsgSeqNum" ngt="none" notnull="false" size="12" type="varchar"/>
                <column datatype="varchar" id="mkt_seg_id" name="MarketSegmentID" ngt="none" notnull="false" size="12" type="varchar"/>
                <column datatype="varchar" id="sec_id" name="SecurityID" ngt="none" notnull="false" size="24" type="varchar"/>
                <column datatype="varchar" id="sec_update_action" name="Security Update Action" ngt="none" notnull="false" size="8" type="varchar"/>
                <column datatype="varchar" id="sec_id_src" name="SecurityIDSource" ngt="none" notnull="false" size="10" type="varchar"/>
                <column datatype="varchar" id="sec_desc" name="SecurityID Desc" ngt="none" notnull="false" size="10" type="varchar"/>
                <column datatype="varchar" id="ord_qty" name="Order Qty" ngt="none" notnull="false" size="10" type="varchar"/>
                <column datatype="varchar" id="sender_sub_id" name="SenderSubID" ngt="none" notnull="false" size="10" type="varchar"/>
                <column datatype="varchar" id="last_msg_seq_num" name="LastMsgSeqNumProcessed" ngt="none" notnull="false" size="10" type="varchar"/>
        </table>
</tables>
