<templates>
        <template id="eti-msg" template_protocol="eurex-eti">
                <detail field="bodylen" id="bodylen" layer="eti-msg" mode="show"/>
                <detail field="templateid" id="templateid" layer="eti-msg" mode="show"/>
        </template>
        <template id="eti_10100_new_ord" template_protocol="eurex-eti">
                <detail field="id" id="ip_id" layer="ip" mode="show"/>
                <detail field="src" id="ip_src" layer="ip" mode="show"/>
                <detail field="dst" id="ip_dst" layer="ip" mode="show"/>
                <detail field="src" id="tcp_src" layer="tcp" mode="show"/>
                <detail field="dst" id="tcp_dst" layer="tcp" mode="show"/>
                <detail field="seq" id="tcp_seq" layer="tcp" mode="show"/>
                <detail field="bodylen" id="bodylen" layer="eti_10100_new_ord" mode="show"/>
                <detail field="templateid" id="templateid" layer="eti_10100_new_ord" mode="show"/>
                <detail field="msgseqnum" id="msgseqnum" layer="eti_10100_new_ord" mode="show"/>
                <detail field="sendersubid" id="sendersubid" layer="eti_10100_new_ord" mode="show"/>
                <detail field="price" id="price" layer="eti_10100_new_ord" mode="show"/>
                <detail field="clordid" id="clordid" layer="eti_10100_new_ord" mode="show"/>
                <detail field="orderqty" id="orderqty" layer="eti_10100_new_ord" mode="show"/>
                <detail field="mktsegid" id="mktsegid" layer="eti_10100_new_ord" mode="show"/>
                <detail field="simplesecid" id="simplesecid" layer="eti_10100_new_ord" mode="show"/>
        </template>
        <template id="eti_10101_new_ord_resp" template_protocol="eurex-eti">
                <detail field="id" id="ip_id" layer="ip" mode="show"/>
                <detail field="src" id="ip_src" layer="ip" mode="show"/>
                <detail field="dst" id="ip_dst" layer="ip" mode="show"/>
                <detail field="src" id="tcp_src" layer="tcp" mode="show"/>
                <detail field="dst" id="tcp_dst" layer="tcp" mode="show"/>
                <detail field="seq" id="tcp_seq" layer="tcp" mode="show"/>
                <detail field="bodylen" id="bodylen" layer="eti_10101_new_ord_resp" mode="show"/>
                <detail field="templateid" id="templateid" layer="eti_10101_new_ord_resp" mode="show"/>
                <detail field="msgseqnum" id="msgseqnum" layer="eti_10101_new_ord_resp" mode="show"/>
                <detail field="requesttime" id="requesttime" layer="eti_10101_new_ord_resp" mode="show"/>
                <detail field="trdregtstimein" id="trdregtstimein" layer="eti_10101_new_ord_resp" mode="show"/>
                <detail field="trdregtstimeout" id="trdregtstimeout" layer="eti_10101_new_ord_resp" mode="show"/>
                <detail field="sendingtime" id="sendingtime" layer="eti_10101_new_ord_resp" mode="show"/>
                <detail field="ordid" id="ordid" layer="eti_10101_new_ord_resp" mode="show"/>
                <detail field="clordid" id="clordid" layer="eti_10101_new_ord_resp" mode="show"/>
                <detail field="secid" id="secid" layer="eti_10101_new_ord_resp" mode="show"/>
                <detail field="execid" id="execid" layer="eti_10101_new_ord_resp" mode="show"/>
                <detail field="trdregTSentry" id="trdregTSentry" layer="eti_10101_new_ord_resp" mode="show"/>
                <detail field="trdregTStimepriority" id="trdregTStimepriority" layer="eti_10101_new_ord_resp" mode="show"/>
                <detail field="ordstatus" id="ordstatus" layer="eti_10101_new_ord_resp" mode="show"/>
                <detail field="exectype" id="exectype" layer="eti_10101_new_ord_resp" mode="show"/>
        </template>
        <template id="eti_10125_new_ord_s" template_protocol="eurex-eti">
                <detail field="id" id="ip_id" layer="ip" mode="show"/>
                <detail field="src" id="ip_src" layer="ip" mode="show"/>
                <detail field="dst" id="ip_dst" layer="ip" mode="show"/>
                <detail field="src" id="tcp_src" layer="tcp" mode="show"/>
                <detail field="dst" id="tcp_dst" layer="tcp" mode="show"/>
                <detail field="seq" id="tcp_seq" layer="tcp" mode="show"/>
                <detail field="bodylen" id="bodylen" layer="eti_10125_new_ord_s" mode="show"/>
                <detail field="templateid" id="templateid" layer="eti_10125_new_ord_s" mode="show"/>
                <detail field="msgseqnum" id="msgseqnum" layer="eti_10125_new_ord_s" mode="show"/>
                <detail field="sendersubid" id="sendersubid" layer="eti_10125_new_ord_s" mode="show"/>
                <detail field="price" id="price" layer="eti_10125_new_ord_s" mode="show"/>
                <detail field="clordid" id="clordid" layer="eti_10125_new_ord_s" mode="show"/>
                <detail field="orderqty" id="orderqty" layer="eti_10125_new_ord_s" mode="show"/>
                <detail field="simplesecid" id="simplesecid" layer="eti_10125_new_ord_s" mode="show"/>
        </template>
        <template id="eti_10102_new_ord_s_resp" template_protocol="eurex-eti">
                <detail field="id" id="ip_id" layer="ip" mode="show"/>
                <detail field="src" id="ip_src" layer="ip" mode="show"/>
                <detail field="dst" id="ip_dst" layer="ip" mode="show"/>
                <detail field="src" id="tcp_src" layer="tcp" mode="show"/>
                <detail field="dst" id="tcp_dst" layer="tcp" mode="show"/>
                <detail field="seq" id="tcp_seq" layer="tcp" mode="show"/>
                <detail field="bodylen" id="bodylen" layer="eti_10102_new_ord_s_resp" mode="show"/>
                <detail field="templateid" id="templateid" layer="eti_10102_new_ord_s_resp" mode="show"/>
                <detail field="msgseqnum" id="msgseqnum" layer="eti_10102_new_ord_s_resp" mode="show"/>
                <detail field="requesttime" id="requesttime" layer="eti_10102_new_ord_s_resp" mode="show"/>
                <detail field="trdregtstimein" id="trdregtstimein" layer="eti_10102_new_ord_s_resp" mode="show"/>
                <detail field="trdregtstimeout" id="trdregtstimeout" layer="eti_10102_new_ord_s_resp" mode="show"/>
                <detail field="sendingtime" id="sendingtime" layer="eti_10102_new_ord_s_resp" mode="show"/>
                <detail field="ordid" id="ordid" layer="eti_10102_new_ord_s_resp" mode="show"/>
                <detail field="clordid" id="clordid" layer="eti_10102_new_ord_s_resp" mode="show"/>
                <detail field="secid" id="secid" layer="eti_10102_new_ord_s_resp" mode="show"/>
                <detail field="execid" id="execid" layer="eti_10102_new_ord_s_resp" mode="show"/>
                <detail field="ordstatus" id="ordstatus" layer="eti_10102_new_ord_s_resp" mode="show"/>
                <detail field="exectype" id="exectype" layer="eti_10102_new_ord_s_resp" mode="show"/>
        </template>
        <template id="eti_10113_new_ord_m" template_protocol="eurex-eti">
                <detail field="id" id="ip_id" layer="ip" mode="show"/>
                <detail field="src" id="ip_src" layer="ip" mode="show"/>
                <detail field="dst" id="ip_dst" layer="ip" mode="show"/>
                <detail field="src" id="tcp_src" layer="tcp" mode="show"/>
                <detail field="dst" id="tcp_dst" layer="tcp" mode="show"/>
                <detail field="seq" id="tcp_seq" layer="tcp" mode="show"/>
                <detail field="bodylen" id="bodylen" layer="eti_10113_new_ord_m" mode="show"/>
                <detail field="templateid" id="templateid" layer="eti_10113_new_ord_m" mode="show"/>
                <detail field="msgseqnum" id="msgseqnum" layer="eti_10113_new_ord_m" mode="show"/>
                <detail field="sendersubid" id="sendersubid" layer="eti_10113_new_ord_m" mode="show"/>
                <detail field="price" id="price" layer="eti_10113_new_ord_m" mode="show"/>
                <detail field="clordid" id="clordid" layer="eti_10113_new_ord_m" mode="show"/>
                <detail field="orderqty" id="orderqty" layer="eti_10113_new_ord_m" mode="show"/>
                <detail field="mktsegid" id="mktsegid" layer="eti_10113_new_ord_m" mode="show"/>
                <detail field="secid" id="secid" layer="eti_10113_new_ord_m" mode="show"/>
        </template>
        <template id="eti_10103_imm_exec_resp" template_protocol="eurex-eti">
                <detail field="id" id="ip_id" layer="ip" mode="show"/>
                <detail field="src" id="ip_src" layer="ip" mode="show"/>
                <detail field="dst" id="ip_dst" layer="ip" mode="show"/>
                <detail field="src" id="tcp_src" layer="tcp" mode="show"/>
                <detail field="dst" id="tcp_dst" layer="tcp" mode="show"/>
                <detail field="seq" id="tcp_seq" layer="tcp" mode="show"/>
                <detail field="bodylen" id="bodylen" layer="eti_10103_imm_exec_resp" mode="show"/>
                <detail field="templateid" id="templateid" layer="eti_10103_imm_exec_resp" mode="show"/>
                <detail field="msgseqnum" id="msgseqnum" layer="eti_10103_imm_exec_resp" mode="show"/>
                <detail field="requesttime" id="requesttime" layer="eti_10103_imm_exec_resp" mode="show"/>
                <detail field="trdregtstimein" id="trdregtstimein" layer="eti_10103_imm_exec_resp" mode="show"/>
                <detail field="trdregtstimeout" id="trdregtstimeout" layer="eti_10103_imm_exec_resp" mode="show"/>
                <detail field="sendingtime" id="sendingtime" layer="eti_10103_imm_exec_resp" mode="show"/>
                <detail field="ordid" id="ordid" layer="eti_10103_imm_exec_resp" mode="show"/>
                <detail field="clordid" id="clordid" layer="eti_10103_imm_exec_resp" mode="show"/>
                <detail field="origclordid" id="origclordid" layer="eti_10103_imm_exec_resp" mode="show"/>
                <detail field="secid" id="secid" layer="eti_10103_imm_exec_resp" mode="show"/>
                <detail field="execid" id="execid" layer="eti_10103_imm_exec_resp" mode="show"/>
                <detail field="trdregTSentry" id="trdregTSentry" layer="eti_10103_imm_exec_resp" mode="show"/>
                <detail field="trdregTStimepriority" id="trdregTStimepriority" layer="eti_10103_imm_exec_resp" mode="show"/>
                <detail field="mktsegid" id="mktsegid" layer="eti_10103_imm_exec_resp" mode="show"/>
                <detail field="ordstatus" id="ordstatus" layer="eti_10103_imm_exec_resp" mode="show"/>
                <detail field="exectype" id="exectype" layer="eti_10103_imm_exec_resp" mode="show"/>
        </template>
        <template id="eti_10104_book_order_exec" template_protocol="eurex-eti">
                <detail field="id" id="ip_id" layer="ip" mode="show"/>
                <detail field="src" id="ip_src" layer="ip" mode="show"/>
                <detail field="dst" id="ip_dst" layer="ip" mode="show"/>
                <detail field="src" id="tcp_src" layer="tcp" mode="show"/>
                <detail field="dst" id="tcp_dst" layer="tcp" mode="show"/>
                <detail field="seq" id="tcp_seq" layer="tcp" mode="show"/>
                <detail field="bodylen" id="bodylen" layer="eti_10104_book_order_exec" mode="show"/>
                <detail field="templateid" id="templateid" layer="eti_10104_book_order_exec" mode="show"/>
                <detail field="trdregtstimeout" id="trdregtstimeout" layer="eti_10104_book_order_exec" mode="show"/>
                <detail field="sendingtime" id="sendingtime" layer="eti_10104_book_order_exec" mode="show"/>
                <detail field="ordid" id="ordid" layer="eti_10104_book_order_exec" mode="show"/>
                <detail field="clordid" id="clordid" layer="eti_10104_book_order_exec" mode="show"/>
                <detail field="origclordid" id="origclordid" layer="eti_10104_book_order_exec" mode="show"/>
                <detail field="secid" id="secid" layer="eti_10104_book_order_exec" mode="show"/>
                <detail field="execid" id="execid" layer="eti_10104_book_order_exec" mode="show"/>
                <detail field="mktsegid" id="mktsegid" layer="eti_10104_book_order_exec" mode="show"/>
                <detail field="ordstatus" id="ordstatus" layer="eti_10104_book_order_exec" mode="show"/>
                <detail field="exectype" id="exectype" layer="eti_10104_book_order_exec" mode="show"/>
        </template>
        <template id="eti_10106_rep_ord" template_protocol="eurex-eti">
                <detail field="id" id="ip_id" layer="ip" mode="show"/>
                <detail field="src" id="ip_src" layer="ip" mode="show"/>
                <detail field="dst" id="ip_dst" layer="ip" mode="show"/>
                <detail field="src" id="tcp_src" layer="tcp" mode="show"/>
                <detail field="dst" id="tcp_dst" layer="tcp" mode="show"/>
                <detail field="seq" id="tcp_seq" layer="tcp" mode="show"/>
                <detail field="bodylen" id="bodylen" layer="eti_10106_rep_ord" mode="show"/>
                <detail field="templateid" id="templateid" layer="eti_10106_rep_ord" mode="show"/>
                <detail field="msgseqnum" id="msgseqnum" layer="eti_10106_rep_ord" mode="show"/>
                <detail field="sendersubid" id="sendersubid" layer="eti_10106_rep_ord" mode="show"/>
                <detail field="ordid" id="ordid" layer="eti_10106_rep_ord" mode="show"/>
                <detail field="clordid" id="clordid" layer="eti_10106_rep_ord" mode="show"/>
                <detail field="origclordid" id="origclordid" layer="eti_10106_rep_ord" mode="show"/>
                <detail field="price" id="price" layer="eti_10106_rep_ord" mode="show"/>
                <detail field="orderqty" id="orderqty" layer="eti_10106_rep_ord" mode="show"/>
                <detail field="mktsegid" id="mktsegid" layer="eti_10106_rep_ord" mode="show"/>
                <detail field="simplesecid" id="simplesecid" layer="eti_10106_rep_ord" mode="show"/>
        </template>
        <template id="eti_10107_rep_ord_resp" template_protocol="eurex-eti">
                <detail field="id" id="ip_id" layer="ip" mode="show"/>
                <detail field="src" id="ip_src" layer="ip" mode="show"/>
                <detail field="dst" id="ip_dst" layer="ip" mode="show"/>
                <detail field="src" id="tcp_src" layer="tcp" mode="show"/>
                <detail field="dst" id="tcp_dst" layer="tcp" mode="show"/>
                <detail field="seq" id="tcp_seq" layer="tcp" mode="show"/>
                <detail field="bodylen" id="bodylen" layer="eti_10107_rep_ord_resp" mode="show"/>
                <detail field="templateid" id="templateid" layer="eti_10107_rep_ord_resp" mode="show"/>
                <detail field="msgseqnum" id="msgseqnum" layer="eti_10107_rep_ord_resp" mode="show"/>
                <detail field="requesttime" id="requesttime" layer="eti_10107_rep_ord_resp" mode="show"/>
                <detail field="trdregtstimein" id="trdregtstimein" layer="eti_10107_rep_ord_resp" mode="show"/>
                <detail field="trdregtstimeout" id="trdregtstimeout" layer="eti_10107_rep_ord_resp" mode="show"/>
                <detail field="sendingtime" id="sendingtime" layer="eti_10107_rep_ord_resp" mode="show"/>
                <detail field="ordid" id="ordid" layer="eti_10107_rep_ord_resp" mode="show"/>
                <detail field="clordid" id="clordid" layer="eti_10107_rep_ord_resp" mode="show"/>
                <detail field="origclordid" id="origclordid" layer="eti_10107_rep_ord_resp" mode="show"/>
                <detail field="secid" id="secid" layer="eti_10107_rep_ord_resp" mode="show"/>
                <detail field="execid" id="execid" layer="eti_10107_rep_ord_resp" mode="show"/>
                <detail field="trdregTStimepriority" id="trdregTStimepriority" layer="eti_10107_rep_ord_resp" mode="show"/>
                <detail field="ordstatus" id="ordstatus" layer="eti_10107_rep_ord_resp" mode="show"/>
                <detail field="exectype" id="exectype" layer="eti_10107_rep_ord_resp" mode="show"/>
        </template>
        <template id="eti_10126_rep_ord_s" template_protocol="eurex-eti">
                <detail field="id" id="ip_id" layer="ip" mode="show"/>
                <detail field="src" id="ip_src" layer="ip" mode="show"/>
                <detail field="dst" id="ip_dst" layer="ip" mode="show"/>
                <detail field="src" id="tcp_src" layer="tcp" mode="show"/>
                <detail field="dst" id="tcp_dst" layer="tcp" mode="show"/>
                <detail field="seq" id="tcp_seq" layer="tcp" mode="show"/>
                <detail field="bodylen" id="bodylen" layer="eti_10126_rep_ord_s" mode="show"/>
                <detail field="templateid" id="templateid" layer="eti_10126_rep_ord_s" mode="show"/>
                <detail field="msgseqnum" id="msgseqnum" layer="eti_10126_rep_ord_s" mode="show"/>
                <detail field="sendersubid" id="sendersubid" layer="eti_10126_rep_ord_s" mode="show"/>
                <detail field="clordid" id="clordid" layer="eti_10126_rep_ord_s" mode="show"/>
                <detail field="origclordid" id="origclordid" layer="eti_10126_rep_ord_s" mode="show"/>
                <detail field="price" id="price" layer="eti_10126_rep_ord_s" mode="show"/>
                <detail field="orderqty" id="orderqty" layer="eti_10126_rep_ord_s" mode="show"/>
                <detail field="simplesecid" id="simplesecid" layer="eti_10126_rep_ord_s" mode="show"/>
        </template>
        <template id="eti_10108_rep_ord_resp_s" template_protocol="eurex-eti">
                <detail field="id" id="ip_id" layer="ip" mode="show"/>
                <detail field="src" id="ip_src" layer="ip" mode="show"/>
                <detail field="dst" id="ip_dst" layer="ip" mode="show"/>
                <detail field="src" id="tcp_src" layer="tcp" mode="show"/>
                <detail field="dst" id="tcp_dst" layer="tcp" mode="show"/>
                <detail field="seq" id="tcp_seq" layer="tcp" mode="show"/>
                <detail field="bodylen" id="bodylen" layer="eti_10108_rep_ord_resp_s" mode="show"/>
                <detail field="templateid" id="templateid" layer="eti_10108_rep_ord_resp_s" mode="show"/>
                <detail field="msgseqnum" id="msgseqnum" layer="eti_10108_rep_ord_resp_s" mode="show"/>
                <detail field="requesttime" id="requesttime" layer="eti_10108_rep_ord_resp_s" mode="show"/>
                <detail field="trdregtstimein" id="trdregtstimein" layer="eti_10108_rep_ord_resp_s" mode="show"/>
                <detail field="trdregtstimeout" id="trdregtstimeout" layer="eti_10108_rep_ord_resp_s" mode="show"/>
                <detail field="sendingtime" id="sendingtime" layer="eti_10108_rep_ord_resp_s" mode="show"/>
                <detail field="ordid" id="ordid" layer="eti_10108_rep_ord_resp_s" mode="show"/>
                <detail field="clordid" id="clordid" layer="eti_10108_rep_ord_resp_s" mode="show"/>
                <detail field="origclordid" id="origclordid" layer="eti_10108_rep_ord_resp_s" mode="show"/>
                <detail field="secid" id="secid" layer="eti_10108_rep_ord_resp_s" mode="show"/>
                <detail field="execid" id="execid" layer="eti_10108_rep_ord_resp_s" mode="show"/>
                <detail field="ordstatus" id="ordstatus" layer="eti_10108_rep_ord_resp_s" mode="show"/>
                <detail field="exectype" id="exectype" layer="eti_10108_rep_ord_resp_s" mode="show"/>
        </template>
        <template id="eti_10114_rep_ord_m" template_protocol="eurex-eti">
                <detail field="id" id="ip_id" layer="ip" mode="show"/>
                <detail field="src" id="ip_src" layer="ip" mode="show"/>
                <detail field="dst" id="ip_dst" layer="ip" mode="show"/>
                <detail field="src" id="tcp_src" layer="tcp" mode="show"/>
                <detail field="dst" id="tcp_dst" layer="tcp" mode="show"/>
                <detail field="seq" id="tcp_seq" layer="tcp" mode="show"/>
                <detail field="bodylen" id="bodylen" layer="eti_10114_rep_ord_m" mode="show"/>
                <detail field="templateid" id="templateid" layer="eti_10114_rep_ord_m" mode="show"/>
                <detail field="msgseqnum" id="msgseqnum" layer="eti_10114_rep_ord_m" mode="show"/>
                <detail field="sendersubid" id="sendersubid" layer="eti_10114_rep_ord_m" mode="show"/>
                <detail field="ordid" id="ordid" layer="eti_10114_rep_ord_m" mode="show"/>
                <detail field="clordid" id="clordid" layer="eti_10114_rep_ord_m" mode="show"/>
                <detail field="origclordid" id="origclordid" layer="eti_10114_rep_ord_m" mode="show"/>
                <detail field="secid" id="secid" layer="eti_10114_rep_ord_m" mode="show"/>
                <detail field="price" id="price" layer="eti_10114_rep_ord_m" mode="show"/>
                <detail field="orderqty" id="orderqty" layer="eti_10114_rep_ord_m" mode="show"/>
                <detail field="mktsegid" id="mktsegid" layer="eti_10114_rep_ord_m" mode="show"/>
        </template>
        <template id="eti_10109_can_ord" template_protocol="eurex-eti">
                <detail field="id" id="ip_id" layer="ip" mode="show"/>
                <detail field="src" id="ip_src" layer="ip" mode="show"/>
                <detail field="dst" id="ip_dst" layer="ip" mode="show"/>
                <detail field="src" id="tcp_src" layer="tcp" mode="show"/>
                <detail field="dst" id="tcp_dst" layer="tcp" mode="show"/>
                <detail field="seq" id="tcp_seq" layer="tcp" mode="show"/>
                <detail field="bodylen" id="bodylen" layer="eti_10109_can_ord" mode="show"/>
                <detail field="templateid" id="templateid" layer="eti_10109_can_ord" mode="show"/>
                <detail field="msgseqnum" id="msgseqnum" layer="eti_10109_can_ord" mode="show"/>
                <detail field="sendersubid" id="sendersubid" layer="eti_10109_can_ord" mode="show"/>
                <detail field="ordid" id="ordid" layer="eti_10109_can_ord" mode="show"/>
                <detail field="clordid" id="clordid" layer="eti_10109_can_ord" mode="show"/>
                <detail field="origclordid" id="origclordid" layer="eti_10109_can_ord" mode="show"/>
                <detail field="mktsegid" id="mktsegid" layer="eti_10109_can_ord" mode="show"/>
                <detail field="simplesecid" id="simplesecid" layer="eti_10109_can_ord" mode="show"/>
        </template>
        <template id="eti_10107_can_ord_resp" template_protocol="eurex-eti">
                <detail field="id" id="ip_id" layer="ip" mode="show"/>
                <detail field="src" id="ip_src" layer="ip" mode="show"/>
                <detail field="dst" id="ip_dst" layer="ip" mode="show"/>
                <detail field="src" id="tcp_src" layer="tcp" mode="show"/>
                <detail field="dst" id="tcp_dst" layer="tcp" mode="show"/>
                <detail field="seq" id="tcp_seq" layer="tcp" mode="show"/>
                <detail field="bodylen" id="bodylen" layer="eti_10107_can_ord_resp" mode="show"/>
                <detail field="templateid" id="templateid" layer="eti_10107_can_ord_resp" mode="show"/>
                <detail field="msgseqnum" id="msgseqnum" layer="eti_10107_can_ord_resp" mode="show"/>
                <detail field="requesttime" id="requesttime" layer="eti_10107_can_ord_resp" mode="show"/>
                <detail field="trdregtstimein" id="trdregtstimein" layer="eti_10107_can_ord_resp" mode="show"/>
                <detail field="trdregtstimeout" id="trdregtstimeout" layer="eti_10107_can_ord_resp" mode="show"/>
                <detail field="sendingtime" id="sendingtime" layer="eti_10107_can_ord_resp" mode="show"/>
                <detail field="ordid" id="ordid" layer="eti_10107_can_ord_resp" mode="show"/>
                <detail field="clordid" id="clordid" layer="eti_10107_can_ord_resp" mode="show"/>
                <detail field="origclordid" id="origclordid" layer="eti_10107_can_ord_resp" mode="show"/>
                <detail field="secid" id="secid" layer="eti_10107_can_ord_resp" mode="show"/>
                <detail field="execid" id="execid" layer="eti_10107_can_ord_resp" mode="show"/>
                <detail field="ordstatus" id="ordstatus" layer="eti_10107_can_ord_resp" mode="show"/>
                <detail field="exectype" id="exectype" layer="eti_10107_can_ord_resp" mode="show"/>
        </template>
        <template id="eti_10111_can_ord_resp_s" template_protocol="eurex-eti">
                <detail field="id" id="ip_id" layer="ip" mode="show"/>
                <detail field="src" id="ip_src" layer="ip" mode="show"/>
                <detail field="dst" id="ip_dst" layer="ip" mode="show"/>
                <detail field="src" id="tcp_src" layer="tcp" mode="show"/>
                <detail field="dst" id="tcp_dst" layer="tcp" mode="show"/>
                <detail field="seq" id="tcp_seq" layer="tcp" mode="show"/>
                <detail field="bodylen" id="bodylen" layer="eti_10111_can_ord_resp_s" mode="show"/>
                <detail field="templateid" id="templateid" layer="eti_10111_can_ord_resp_s" mode="show"/>
                <detail field="msgseqnum" id="msgseqnum" layer="eti_10111_can_ord_resp_s" mode="show"/>
                <detail field="requesttime" id="requesttime" layer="eti_10111_can_ord_resp_s" mode="show"/>
                <detail field="trdregtstimein" id="trdregtstimein" layer="eti_10111_can_ord_resp_s" mode="show"/>
                <detail field="trdregtstimeout" id="trdregtstimeout" layer="eti_10111_can_ord_resp_s" mode="show"/>
                <detail field="sendingtime" id="sendingtime" layer="eti_10111_can_ord_resp_s" mode="show"/>
                <detail field="ordid" id="ordid" layer="eti_10111_can_ord_resp_s" mode="show"/>
                <detail field="clordid" id="clordid" layer="eti_10111_can_ord_resp_s" mode="show"/>
                <detail field="origclordid" id="origclordid" layer="eti_10111_can_ord_resp_s" mode="show"/>
                <detail field="secid" id="secid" layer="eti_10111_can_ord_resp_s" mode="show"/>
                <detail field="execid" id="execid" layer="eti_10111_can_ord_resp_s" mode="show"/>
                <detail field="ordstatus" id="ordstatus" layer="eti_10111_can_ord_resp_s" mode="show"/>
                <detail field="exectype" id="exectype" layer="eti_10111_can_ord_resp_s" mode="show"/>
        </template>
        <template id="eti_10123_can_ord_m" template_protocol="eurex-eti">
                <detail field="id" id="ip_id" layer="ip" mode="show"/>
                <detail field="src" id="ip_src" layer="ip" mode="show"/>
                <detail field="dst" id="ip_dst" layer="ip" mode="show"/>
                <detail field="src" id="tcp_src" layer="tcp" mode="show"/>
                <detail field="dst" id="tcp_dst" layer="tcp" mode="show"/>
                <detail field="seq" id="tcp_seq" layer="tcp" mode="show"/>
                <detail field="bodylen" id="bodylen" layer="eti_10123_can_ord_m" mode="show"/>
                <detail field="templateid" id="templateid" layer="eti_10123_can_ord_m" mode="show"/>
                <detail field="msgseqnum" id="msgseqnum" layer="eti_10123_can_ord_m" mode="show"/>
                <detail field="sendersubid" id="sendersubid" layer="eti_10123_can_ord_m" mode="show"/>
                <detail field="ordid" id="ordid" layer="eti_10123_can_ord_m" mode="show"/>
                <detail field="clordid" id="clordid" layer="eti_10123_can_ord_m" mode="show"/>
                <detail field="origclordid" id="origclordid" layer="eti_10123_can_ord_m" mode="show"/>
                <detail field="secid" id="secid" layer="eti_10123_can_ord_m" mode="show"/>
                <detail field="mktsegid" id="mktsegid" layer="eti_10123_can_ord_m" mode="show"/>
        </template>
        <template id="eti_10112_can_ord_not" template_protocol="eurex-eti">
                <detail field="id" id="ip_id" layer="ip" mode="show"/>
                <detail field="src" id="ip_src" layer="ip" mode="show"/>
                <detail field="dst" id="ip_dst" layer="ip" mode="show"/>
                <detail field="src" id="tcp_src" layer="tcp" mode="show"/>
                <detail field="dst" id="tcp_dst" layer="tcp" mode="show"/>
                <detail field="seq" id="tcp_seq" layer="tcp" mode="show"/>
                <detail field="bodylen" id="bodylen" layer="eti_10112_can_ord_not" mode="show"/>
                <detail field="templateid" id="templateid" layer="eti_10112_can_ord_not" mode="show"/>
                <detail field="trdregtstimeout" id="trdregtstimeout" layer="eti_10112_can_ord_not" mode="show"/>
                <detail field="ordid" id="ordid" layer="eti_10112_can_ord_not" mode="show"/>
                <detail field="clordid" id="clordid" layer="eti_10112_can_ord_not" mode="show"/>
                <detail field="origclordid" id="origclordid" layer="eti_10112_can_ord_not" mode="show"/>
                <detail field="secid" id="secid" layer="eti_10112_can_ord_not" mode="show"/>
                <detail field="execid" id="execid" layer="eti_10112_can_ord_not" mode="show"/>
                <detail field="ordstatus" id="ordstatus" layer="eti_10112_can_ord_not" mode="show"/>
                <detail field="exectype" id="exectype" layer="eti_10112_can_ord_not" mode="show"/>
        </template>
        <template id="eti_10120_mass_can_ord" template_protocol="eurex-eti">
                <detail field="id" id="ip_id" layer="ip" mode="show"/>
                <detail field="src" id="ip_src" layer="ip" mode="show"/>
                <detail field="dst" id="ip_dst" layer="ip" mode="show"/>
                <detail field="src" id="tcp_src" layer="tcp" mode="show"/>
                <detail field="dst" id="tcp_dst" layer="tcp" mode="show"/>
                <detail field="seq" id="tcp_seq" layer="tcp" mode="show"/>
                <detail field="bodylen" id="bodylen" layer="eti_10120_mass_can_ord" mode="show"/>
                <detail field="templateid" id="templateid" layer="eti_10120_mass_can_ord" mode="show"/>
                <detail field="msgseqnum" id="msgseqnum" layer="eti_10120_mass_can_ord" mode="show"/>
                <detail field="sendersubid" id="sendersubid" layer="eti_10120_mass_can_ord" mode="show"/>
                <detail field="secid" id="secid" layer="eti_10120_mass_can_ord" mode="show"/>
                <detail field="mktsegid" id="mktsegid" layer="eti_10120_mass_can_ord" mode="show"/>
        </template>
        <template id="eti_10121_10124_mass_can_resp" template_protocol="eurex-eti">
                <detail field="id" id="ip_id" layer="ip" mode="show"/>
                <detail field="src" id="ip_src" layer="ip" mode="show"/>
                <detail field="dst" id="ip_dst" layer="ip" mode="show"/>
                <detail field="src" id="tcp_src" layer="tcp" mode="show"/>
                <detail field="dst" id="tcp_dst" layer="tcp" mode="show"/>
                <detail field="seq" id="tcp_seq" layer="tcp" mode="show"/>
                <detail field="bodylen" id="bodylen" layer="eti_10121_10124_mass_can_resp" mode="show"/>
                <detail field="templateid" id="templateid" layer="eti_10121_10124_mass_can_resp" mode="show"/>
                <detail field="msgseqnum" id="msgseqnum" layer="eti_10121_10124_mass_can_resp" mode="show"/>
                <detail field="requesttime" id="requesttime" layer="eti_10121_10124_mass_can_resp" mode="show"/>
                <detail field="trdregtstimein" id="trdregtstimein" layer="eti_10121_10124_mass_can_resp" mode="show"/>
                <detail field="trdregtstimeout" id="trdregtstimeout" layer="eti_10121_10124_mass_can_resp" mode="show"/>
                <detail field="sendingtime" id="sendingtime" layer="eti_10121_10124_mass_can_resp" mode="show"/>
        </template>
        <template id="eti_10122_mass_can_not" template_protocol="eurex-eti">
                <detail field="id" id="ip_id" layer="ip" mode="show"/>
                <detail field="src" id="ip_src" layer="ip" mode="show"/>
                <detail field="dst" id="ip_dst" layer="ip" mode="show"/>
                <detail field="src" id="tcp_src" layer="tcp" mode="show"/>
                <detail field="dst" id="tcp_dst" layer="tcp" mode="show"/>
                <detail field="seq" id="tcp_seq" layer="tcp" mode="show"/>
                <detail field="bodylen" id="bodylen" layer="eti_10122_mass_can_not" mode="show"/>
                <detail field="templateid" id="templateid" layer="eti_10122_mass_can_not" mode="show"/>
                <detail field="trdregtstimeout" id="trdregtstimeout" layer="eti_10122_mass_can_not" mode="show"/>
                <detail field="sendingtime" id="sendingtime" layer="eti_10122_mass_can_not" mode="show"/>
                <detail field="secid" id="secid" layer="eti_10122_mass_can_not" mode="show"/>
                <detail field="mktsegid" id="mktsegid" layer="eti_10122_mass_can_not" mode="show"/>
        </template>
        <template id="eti_10401_10118_quote_cross_req" template_protocol="eurex-eti">
                <detail field="id" id="ip_id" layer="ip" mode="show"/>
                <detail field="src" id="ip_src" layer="ip" mode="show"/>
                <detail field="dst" id="ip_dst" layer="ip" mode="show"/>
                <detail field="src" id="tcp_src" layer="tcp" mode="show"/>
                <detail field="dst" id="tcp_dst" layer="tcp" mode="show"/>
                <detail field="seq" id="tcp_seq" layer="tcp" mode="show"/>
                <detail field="bodylen" id="bodylen" layer="eti_10401_10118_quote_cross_req" mode="show"/>
                <detail field="templateid" id="templateid" layer="eti_10401_10118_quote_cross_req" mode="show"/>
                <detail field="msgseqnum" id="msgseqnum" layer="eti_10401_10118_quote_cross_req" mode="show"/>
                <detail field="sendersubid" id="sendersubid" layer="eti_10401_10118_quote_cross_req" mode="show"/>
                <detail field="secid" id="secid" layer="eti_10401_10118_quote_cross_req" mode="show"/>
                <detail field="mktsegid" id="mktsegid" layer="eti_10401_10118_quote_cross_req" mode="show"/>
                <detail field="orderqty" id="orderqty" layer="eti_10401_10118_quote_cross_req" mode="show"/>
        </template>
        <template id="eti_10402_10119_quote_cross_req_resp" template_protocol="eurex-eti">
                <detail field="id" id="ip_id" layer="ip" mode="show"/>
                <detail field="src" id="ip_src" layer="ip" mode="show"/>
                <detail field="dst" id="ip_dst" layer="ip" mode="show"/>
                <detail field="src" id="tcp_src" layer="tcp" mode="show"/>
                <detail field="dst" id="tcp_dst" layer="tcp" mode="show"/>
                <detail field="seq" id="tcp_seq" layer="tcp" mode="show"/>
                <detail field="bodylen" id="bodylen" layer="eti_10402_10119_quote_cross_req_resp" mode="show"/>
                <detail field="templateid" id="templateid" layer="eti_10402_10119_quote_cross_req_resp" mode="show"/>
                <detail field="msgseqnum" id="msgseqnum" layer="eti_10402_10119_quote_cross_req_resp" mode="show"/>
                <detail field="requesttime" id="requesttime" layer="eti_10402_10119_quote_cross_req_resp" mode="show"/>
                <detail field="trdregtstimein" id="trdregtstimein" layer="eti_10402_10119_quote_cross_req_resp" mode="show"/>
                <detail field="trdregtstimeout" id="trdregtstimeout" layer="eti_10402_10119_quote_cross_req_resp" mode="show"/>
                <detail field="sendingtime" id="sendingtime" layer="eti_10402_10119_quote_cross_req_resp" mode="show"/>
                <detail field="execid" id="execid" layer="eti_10402_10119_quote_cross_req_resp" mode="show"/>
        </template>
        <template id="eti_10405_mass_quote" template_protocol="eurex-eti">
                <detail field="id" id="ip_id" layer="ip" mode="show"/>
                <detail field="src" id="ip_src" layer="ip" mode="show"/>
                <detail field="dst" id="ip_dst" layer="ip" mode="show"/>
                <detail field="src" id="tcp_src" layer="tcp" mode="show"/>
                <detail field="dst" id="tcp_dst" layer="tcp" mode="show"/>
                <detail field="seq" id="tcp_seq" layer="tcp" mode="show"/>
                <detail field="bodylen" id="bodylen" layer="eti_10405_mass_quote" mode="show"/>
                <detail field="templateid" id="templateid" layer="eti_10405_mass_quote" mode="show"/>
                <detail field="msgseqnum" id="msgseqnum" layer="eti_10405_mass_quote" mode="show"/>
                <detail field="sendersubid" id="sendersubid" layer="eti_10405_mass_quote" mode="show"/>
                <detail field="quoteid" id="quoteid" layer="eti_10405_mass_quote" mode="show"/>
                <detail field="mktsegid" id="mktsegid" layer="eti_10405_mass_quote" mode="show"/>
        </template>
        <template id="eti_10406_mass_quote_resp" template_protocol="eurex-eti">
                <detail field="id" id="ip_id" layer="ip" mode="show"/>
                <detail field="src" id="ip_src" layer="ip" mode="show"/>
                <detail field="dst" id="ip_dst" layer="ip" mode="show"/>
                <detail field="src" id="tcp_src" layer="tcp" mode="show"/>
                <detail field="dst" id="tcp_dst" layer="tcp" mode="show"/>
                <detail field="seq" id="tcp_seq" layer="tcp" mode="show"/>
                <detail field="bodylen" id="bodylen" layer="eti_10406_mass_quote_resp" mode="show"/>
                <detail field="templateid" id="templateid" layer="eti_10406_mass_quote_resp" mode="show"/>
                <detail field="msgseqnum" id="msgseqnum" layer="eti_10406_mass_quote_resp" mode="show"/>
                <detail field="requesttime" id="requesttime" layer="eti_10406_mass_quote_resp" mode="show"/>
                <detail field="trdregtstimein" id="trdregtstimein" layer="eti_10406_mass_quote_resp" mode="show"/>
                <detail field="trdregtstimeout" id="trdregtstimeout" layer="eti_10406_mass_quote_resp" mode="show"/>
                <detail field="sendingtime" id="sendingtime" layer="eti_10406_mass_quote_resp" mode="show"/>
                <detail field="quoteid" id="quoteid" layer="eti_10406_mass_quote_resp" mode="show"/>
                <detail field="quoterespid" id="quoterespid" layer="eti_10406_mass_quote_resp" mode="show"/>
                <detail field="mktsegid" id="mktsegid" layer="eti_10406_mass_quote_resp" mode="show"/>
        </template>
        <template id="eti_10407_quote_exec" template_protocol="eurex-eti">
                <detail field="id" id="ip_id" layer="ip" mode="show"/>
                <detail field="src" id="ip_src" layer="ip" mode="show"/>
                <detail field="dst" id="ip_dst" layer="ip" mode="show"/>
                <detail field="src" id="tcp_src" layer="tcp" mode="show"/>
                <detail field="dst" id="tcp_dst" layer="tcp" mode="show"/>
                <detail field="seq" id="tcp_seq" layer="tcp" mode="show"/>
                <detail field="bodylen" id="bodylen" layer="eti_10407_quote_exec" mode="show"/>
                <detail field="templateid" id="templateid" layer="eti_10407_quote_exec" mode="show"/>
                <detail field="trdregtstimeout" id="trdregtstimeout" layer="eti_10407_quote_exec" mode="show"/>
                <detail field="sendingtime" id="sendingtime" layer="eti_10407_quote_exec" mode="show"/>
                <detail field="execid" id="execid" layer="eti_10407_quote_exec" mode="show"/>
                <detail field="mktsegid" id="mktsegid" layer="eti_10407_quote_exec" mode="show"/>
        </template>
        <template id="eti_10408_quote_mass_cancel_req" template_protocol="eurex-eti">
                <detail field="id" id="ip_id" layer="ip" mode="show"/>
                <detail field="src" id="ip_src" layer="ip" mode="show"/>
                <detail field="dst" id="ip_dst" layer="ip" mode="show"/>
                <detail field="src" id="tcp_src" layer="tcp" mode="show"/>
                <detail field="dst" id="tcp_dst" layer="tcp" mode="show"/>
                <detail field="seq" id="tcp_seq" layer="tcp" mode="show"/>
                <detail field="bodylen" id="bodylen" layer="eti_10408_quote_mass_cancel_req" mode="show"/>
                <detail field="templateid" id="templateid" layer="eti_10408_quote_mass_cancel_req" mode="show"/>
                <detail field="msgseqnum" id="msgseqnum" layer="eti_10408_quote_mass_cancel_req" mode="show"/>
                <detail field="sendersubid" id="sendersubid" layer="eti_10408_quote_mass_cancel_req" mode="show"/>
                <detail field="mktsegid" id="mktsegid" layer="eti_10408_quote_mass_cancel_req" mode="show"/>
        </template>
        <template id="eti_10409_quote_mass_canc_resp" template_protocol="eurex-eti">
                <detail field="id" id="ip_id" layer="ip" mode="show"/>
                <detail field="src" id="ip_src" layer="ip" mode="show"/>
                <detail field="dst" id="ip_dst" layer="ip" mode="show"/>
                <detail field="src" id="tcp_src" layer="tcp" mode="show"/>
                <detail field="dst" id="tcp_dst" layer="tcp" mode="show"/>
                <detail field="seq" id="tcp_seq" layer="tcp" mode="show"/>
                <detail field="bodylen" id="bodylen" layer="eti_10409_quote_mass_canc_resp" mode="show"/>
                <detail field="templateid" id="templateid" layer="eti_10409_quote_mass_canc_resp" mode="show"/>
                <detail field="msgseqnum" id="msgseqnum" layer="eti_10409_quote_mass_canc_resp" mode="show"/>
                <detail field="requesttime" id="requesttime" layer="eti_10409_quote_mass_canc_resp" mode="show"/>
                <detail field="trdregtstimein" id="trdregtstimein" layer="eti_10409_quote_mass_canc_resp" mode="show"/>
                <detail field="trdregtstimeout" id="trdregtstimeout" layer="eti_10409_quote_mass_canc_resp" mode="show"/>
                <detail field="sendingtime" id="sendingtime" layer="eti_10409_quote_mass_canc_resp" mode="show"/>
        </template>
        <template id="eti_10410_quote_mass_canc_not" template_protocol="eurex-eti">
                <detail field="id" id="ip_id" layer="ip" mode="show"/>
                <detail field="src" id="ip_src" layer="ip" mode="show"/>
                <detail field="dst" id="ip_dst" layer="ip" mode="show"/>
                <detail field="src" id="tcp_src" layer="tcp" mode="show"/>
                <detail field="dst" id="tcp_dst" layer="tcp" mode="show"/>
                <detail field="seq" id="tcp_seq" layer="tcp" mode="show"/>
                <detail field="bodylen" id="bodylen" layer="eti_10410_quote_mass_canc_not" mode="show"/>
                <detail field="templateid" id="templateid" layer="eti_10410_quote_mass_canc_not" mode="show"/>
                <detail field="trdregtstimeout" id="trdregtstimeout" layer="eti_10410_quote_mass_canc_not" mode="show"/>
                <detail field="sendingtime" id="sendingtime" layer="eti_10410_quote_mass_canc_not" mode="show"/>
                <detail field="secid" id="secid" layer="eti_10410_quote_mass_canc_not" mode="show"/>
                <detail field="mktsegid" id="mktsegid" layer="eti_10410_quote_mass_canc_not" mode="show"/>
        </template>
        <template id="eti_10403_quote_activ_req" template_protocol="eurex-eti">
                <detail field="id" id="ip_id" layer="ip" mode="show"/>
                <detail field="src" id="ip_src" layer="ip" mode="show"/>
                <detail field="dst" id="ip_dst" layer="ip" mode="show"/>
                <detail field="src" id="tcp_src" layer="tcp" mode="show"/>
                <detail field="dst" id="tcp_dst" layer="tcp" mode="show"/>
                <detail field="seq" id="tcp_seq" layer="tcp" mode="show"/>
                <detail field="bodylen" id="bodylen" layer="eti_10403_quote_activ_req" mode="show"/>
                <detail field="templateid" id="templateid" layer="eti_10403_quote_activ_req" mode="show"/>
                <detail field="msgseqnum" id="msgseqnum" layer="eti_10403_quote_activ_req" mode="show"/>
                <detail field="sendersubid" id="sendersubid" layer="eti_10403_quote_activ_req" mode="show"/>
                <detail field="mktsegid" id="mktsegid" layer="eti_10403_quote_activ_req" mode="show"/>
        </template>
        <template id="eti_10404_quote_activ_resp" template_protocol="eurex-eti">
                <detail field="id" id="ip_id" layer="ip" mode="show"/>
                <detail field="src" id="ip_src" layer="ip" mode="show"/>
                <detail field="dst" id="ip_dst" layer="ip" mode="show"/>
                <detail field="src" id="tcp_src" layer="tcp" mode="show"/>
                <detail field="dst" id="tcp_dst" layer="tcp" mode="show"/>
                <detail field="seq" id="tcp_seq" layer="tcp" mode="show"/>
                <detail field="bodylen" id="bodylen" layer="eti_10404_quote_activ_resp" mode="show"/>
                <detail field="templateid" id="templateid" layer="eti_10404_quote_activ_resp" mode="show"/>
                <detail field="msgseqnum" id="msgseqnum" layer="eti_10404_quote_activ_resp" mode="show"/>
                <detail field="requesttime" id="requesttime" layer="eti_10404_quote_activ_resp" mode="show"/>
                <detail field="trdregtstimein" id="trdregtstimein" layer="eti_10404_quote_activ_resp" mode="show"/>
                <detail field="trdregtstimeout" id="trdregtstimeout" layer="eti_10404_quote_activ_resp" mode="show"/>
                <detail field="sendingtime" id="sendingtime" layer="eti_10404_quote_activ_resp" mode="show"/>
        </template>
        <template id="eti_10411_quote_activ_not" template_protocol="eurex-eti">
                <detail field="id" id="ip_id" layer="ip" mode="show"/>
                <detail field="src" id="ip_src" layer="ip" mode="show"/>
                <detail field="dst" id="ip_dst" layer="ip" mode="show"/>
                <detail field="src" id="tcp_src" layer="tcp" mode="show"/>
                <detail field="dst" id="tcp_dst" layer="tcp" mode="show"/>
                <detail field="seq" id="tcp_seq" layer="tcp" mode="show"/>
                <detail field="bodylen" id="bodylen" layer="eti_10411_quote_activ_not" mode="show"/>
                <detail field="templateid" id="templateid" layer="eti_10411_quote_activ_not" mode="show"/>
                <detail field="trdregtstimeout" id="trdregtstimeout" layer="eti_10411_quote_activ_not" mode="show"/>
                <detail field="sendingtime" id="sendingtime" layer="eti_10411_quote_activ_not" mode="show"/>
                <detail field="mktsegid" id="mktsegid" layer="eti_10411_quote_activ_not" mode="show"/>
        </template>
        <template id="eobi_header" template_protocol="eurex-eobi">
                <detail field="id" id="ip_id" layer="ip" mode="show"/>
                <detail field="src" id="ip_src" layer="ip" mode="show"/>
                <detail field="dst" id="ip_dst" layer="ip" mode="show"/>
                <detail field="src" id="udp_src" layer="udp" mode="show"/>
                <detail field="dst" id="udp_dst" layer="udp" mode="show"/>
                <detail field="bodylen" id="bodylen" layer="eobi_header" mode="show"/>
                <detail field="templateid" id="templateid" layer="eobi_header" mode="show"/>
                <detail field="applseqnum" id="applseqnum" layer="eobi_header" mode="show"/>
                <detail field="MarketSegmentID" id="MarketSegmentID" layer="eobi_header" mode="show"/>
                <detail field="PartitionID" id="PartitionID" layer="eobi_header" mode="show"/>
                <detail field="CompletionIndicator" id="CompletionIndicator" layer="eobi_header" mode="show"/>
                <detail field="ApplSeqResetIndicator" id="ApplSeqResetIndicator" layer="eobi_header" mode="show"/>
                <detail field="transacttime" id="transacttime" layer="eobi_header" mode="show"/>
        </template>
        <template id="eobi_13100_ord_add" template_protocol="eurex-eobi">
                <detail field="id" id="ip_id" layer="ip" mode="show"/>
                <detail field="src" id="ip_src" layer="ip" mode="show"/>
                <detail field="dst" id="ip_dst" layer="ip" mode="show"/>
                <detail field="src" id="udp_src" layer="udp" mode="show"/>
                <detail field="dst" id="udp_dst" layer="udp" mode="show"/>
                <detail field="bodylen" id="bodylen" layer="eobi_13100_ord_add" mode="show"/>
                <detail field="templateid" id="templateid" layer="eobi_13100_ord_add" mode="show"/>
                <detail field="msgseqnum" id="msgseqnum" layer="eobi_13100_ord_add" mode="show"/>
                <detail field="trdregtstimein" id="trdregtstimein" layer="eobi_13100_ord_add" mode="show"/>
                <detail field="secid" id="secid" layer="eobi_13100_ord_add" mode="show"/>
                <detail field="trdregTStimepriority" id="trdregTStimepriority" layer="eobi_13100_ord_add" mode="show"/>
                <detail field="qty" id="qty" layer="eobi_13100_ord_add" mode="show"/>
                <detail field="side" id="side" layer="eobi_13100_ord_add" mode="show"/>
                <detail field="price" id="price" layer="eobi_13100_ord_add" mode="show"/>
        </template>
        <template template_protocol="eobi" id="eobi_13101_order_mod"	>
		<detail id="ip_id"   layer="ip"   field="id"/>
		<detail id="ip_src"   layer="ip"   field="src"/>
		<detail id="ip_dst"   layer="ip"   field="dst"/>
		<detail id="udp_src"  layer="udp"  field="src"/>
		<detail id="udp_dst"  layer="udp"  field="dst"/>
		<detail id="bodylen"		layer="eobi_13101_order_mod"	field="bodylen" />
		<detail id="templateid"		layer="eobi_13101_order_mod"	field="templateid" />
		<detail id="msgseqnum"		layer="eobi_13101_order_mod"	field="msgseqnum" />
		<detail id="trdregtstimein"	layer="eobi_13101_order_mod"	field="trdregtstimein" />
		<detail id="TrdRegTSPrevTime-Pri"		layer="eobi_13101_order_mod"	field="TrdRegTSPrevTime-Pri" />
		<detail id="PrevPrice"		layer="eobi_13101_order_mod"	field="PrevPrice" />
		<detail id="PrevDisplayQty"		layer="eobi_13101_order_mod"	field="PrevDisplayQty" />
		<detail id="SecID"	layer="eobi_13101_order_mod"	field="SecID" />
		<detail id="trdregTStimepriority"	layer="eobi_13101_order_mod"	field="trdregTStimepriority" />
		<detail id="DisplayQty"		layer="eobi_13101_order_mod"	field="DisplayQty" />
		<detail id="side"		layer="eobi_13101_order_mod"	field="side" />
		<detail id="price"		layer="eobi_13101_order_mod"	field="price" />
	</template>
        <template id="eobi_13504_top_of_book" template_protocol="eurex-eobi">
                <detail field="id" id="ip_id" layer="ip" mode="show"/>
                <detail field="src" id="ip_src" layer="ip" mode="show"/>
                <detail field="dst" id="ip_dst" layer="ip" mode="show"/>
                <detail field="src" id="udp_src" layer="udp" mode="show"/>
                <detail field="dst" id="udp_dst" layer="udp" mode="show"/>
                <detail field="bodylen" id="bodylen" layer="eobi_13504_top_of_book" mode="show"/>
                <detail field="templateid" id="templateid" layer="eobi_13504_top_of_book" mode="show"/>
                <detail field="msgseqnum" id="msgseqnum" layer="eobi_13504_top_of_book" mode="show"/>
                <detail field="transacttime" id="transacttime" layer="eobi_13504_top_of_book" mode="show"/>
                <detail field="secid" id="secid" layer="eobi_13504_top_of_book" mode="show"/>
                <detail field="bidprice" id="bidprice" layer="eobi_13504_top_of_book" mode="show"/>
                <detail field="offerprice" id="offerprice" layer="eobi_13504_top_of_book" mode="show"/>
        </template>
        <template id="eobi_13102_order_del" template_protocol="eurex-eobi">
                <detail field="id" id="ip_id" layer="ip" mode="show"/>
                <detail field="src" id="ip_src" layer="ip" mode="show"/>
                <detail field="dst" id="ip_dst" layer="ip" mode="show"/>
                <detail field="src" id="udp_src" layer="udp" mode="show"/>
                <detail field="dst" id="udp_dst" layer="udp" mode="show"/>
                <detail field="bodylen" id="bodylen" layer="eobi_13102_order_del" mode="show"/>
                <detail field="templateid" id="templateid" layer="eobi_13102_order_del" mode="show"/>
                <detail field="msgseqnum" id="msgseqnum" layer="eobi_13102_order_del" mode="show"/>
                <detail field="trdregtstimein" id="trdregtstimein" layer="eobi_13102_order_del" mode="show"/>
                <detail field="secid" id="secid" layer="eobi_13102_order_del" mode="show"/>
                <detail field="trdregTStimepriority" id="trdregTStimepriority" layer="eobi_13102_order_del" mode="show"/>
                <detail field="side" id="side" layer="eobi_13102_order_del" mode="show"/>
                <detail field="price" id="price" layer="eobi_13102_order_del" mode="show"/>
                <detail field="qty" id="qty" layer="eobi_13102_order_del" mode="show"/>
        </template>
        <template id="eobi_13103_order_mass_del" template_protocol="eurex-eobi">
                <detail field="id" id="ip_id" layer="ip" mode="show"/>
                <detail field="src" id="ip_src" layer="ip" mode="show"/>
                <detail field="dst" id="ip_dst" layer="ip" mode="show"/>
                <detail field="src" id="udp_src" layer="udp" mode="show"/>
                <detail field="dst" id="udp_dst" layer="udp" mode="show"/>
                <detail field="bodylen" id="bodylen" layer="eobi_13103_order_mass_del" mode="show"/>
                <detail field="templateid" id="templateid" layer="eobi_13103_order_mass_del" mode="show"/>
                <detail field="msgseqnum" id="msgseqnum" layer="eobi_13103_order_mass_del" mode="show"/>
                <detail field="secid" id="secid" layer="eobi_13103_order_mass_del" mode="show"/>
        </template>
        <template id="eobi_13106_order_mod_same_priority" template_protocol="eurex-eobi">
                <detail field="id" id="ip_id" layer="ip" mode="show"/>
                <detail field="src" id="ip_src" layer="ip" mode="show"/>
                <detail field="dst" id="ip_dst" layer="ip" mode="show"/>
                <detail field="src" id="udp_src" layer="udp" mode="show"/>
                <detail field="dst" id="udp_dst" layer="udp" mode="show"/>
                <detail field="bodylen" id="bodylen" layer="eobi_13106_order_mod_same_priority" mode="show"/>
                <detail field="templateid" id="templateid" layer="eobi_13106_order_mod_same_priority" mode="show"/>
                <detail field="msgseqnum" id="msgseqnum" layer="eobi_13106_order_mod_same_priority" mode="show"/>
                <detail field="trdregtstimein" id="trdregtstimein" layer="eobi_13106_order_mod_same_priority" mode="show"/>
                <detail field="secid" id="secid" layer="eobi_13106_order_mod_same_priority" mode="show"/>
                <detail field="trdregTStimepriority" id="trdregTStimepriority" layer="eobi_13106_order_mod_same_priority" mode="show"/>
                <detail field="qty" id="qty" layer="eobi_13106_order_mod_same_priority" mode="show"/>
                <detail field="side" id="side" layer="eobi_13106_order_mod_same_priority" mode="show"/>
                <detail field="price" id="price" layer="eobi_13106_order_mod_same_priority" mode="show"/>
        </template>
        <template id="eobi_13104_13105_order_exec" template_protocol="eurex-eobi">
                <detail field="id" id="ip_id" layer="ip" mode="show"/>
                <detail field="src" id="ip_src" layer="ip" mode="show"/>
                <detail field="dst" id="ip_dst" layer="ip" mode="show"/>
                <detail field="src" id="udp_src" layer="udp" mode="show"/>
                <detail field="dst" id="udp_dst" layer="udp" mode="show"/>
                <detail field="bodylen" id="bodylen" layer="eobi_13104_13105_order_exec" mode="show"/>
                <detail field="templateid" id="templateid" layer="eobi_13104_13105_order_exec" mode="show"/>
                <detail field="msgseqnum" id="msgseqnum" layer="eobi_13104_13105_order_exec" mode="show"/>
                <detail field="side" id="side" layer="eobi_13104_13105_order_exec" mode="show"/>
                <detail field="price" id="price" layer="eobi_13104_13105_order_exec" mode="show"/>
                <detail field="trdregTStimepriority" id="trdregTStimepriority" layer="eobi_13104_13105_order_exec" mode="show"/>
                <detail field="secid" id="secid" layer="eobi_13104_13105_order_exec" mode="show"/>
                <detail field="tradematch" id="tradematch" layer="eobi_13104_13105_order_exec" mode="show"/>
                <detail field="qty" id="qty" layer="eobi_13104_13105_order_exec" mode="show"/>
        </template>
        <template id="eobi_13202_exec_summary" template_protocol="eurex-eobi">
                <detail field="id" id="ip_id" layer="ip" mode="show"/>
                <detail field="src" id="ip_src" layer="ip" mode="show"/>
                <detail field="dst" id="ip_dst" layer="ip" mode="show"/>
                <detail field="src" id="udp_src" layer="udp" mode="show"/>
                <detail field="dst" id="udp_dst" layer="udp" mode="show"/>
                <detail field="bodylen" id="bodylen" layer="eobi_13202_exec_summary" mode="show"/>
                <detail field="templateid" id="templateid" layer="eobi_13202_exec_summary" mode="show"/>
                <detail field="msgseqnum" id="msgseqnum" layer="eobi_13202_exec_summary" mode="show"/>
                <detail field="secid" id="secid" layer="eobi_13202_exec_summary" mode="show"/>
                <detail field="aggressortime" id="aggressortime" layer="eobi_13202_exec_summary" mode="show"/>
                <detail field="execid" id="execid" layer="eobi_13202_exec_summary" mode="show"/>
                <detail field="qty" id="qty" layer="eobi_13202_exec_summary" mode="show"/>
                <detail field="side" id="side" layer="eobi_13202_exec_summary" mode="show"/>
                <detail field="price" id="price" layer="eobi_13202_exec_summary" mode="show"/>
        </template>
        <template id="eobi_13503_quote_request" template_protocol="eurex-eobi">
                <detail field="id" id="ip_id" layer="ip" mode="show"/>
                <detail field="src" id="ip_src" layer="ip" mode="show"/>
                <detail field="dst" id="ip_dst" layer="ip" mode="show"/>
                <detail field="src" id="udp_src" layer="udp" mode="show"/>
                <detail field="dst" id="udp_dst" layer="udp" mode="show"/>
                <detail field="bodylen" id="bodylen" layer="eobi_13503_quote_request" mode="show"/>
                <detail field="templateid" id="templateid" layer="eobi_13503_quote_request" mode="show"/>
                <detail field="msgseqnum" id="msgseqnum" layer="eobi_13503_quote_request" mode="show"/>
                <detail field="secid" id="secid" layer="eobi_13503_quote_request" mode="show"/>
                <detail field="qty" id="qty" layer="eobi_13503_quote_request" mode="show"/>
                <detail field="side" id="side" layer="eobi_13503_quote_request" mode="show"/>
                <detail field="transacttime" id="transacttime" layer="eobi_13503_quote_request" mode="show"/>
        </template>
        <template id="eobi_13502_cross_request" template_protocol="eurex-eobi">
                <detail field="id" id="ip_id" layer="ip" mode="show"/>
                <detail field="src" id="ip_src" layer="ip" mode="show"/>
                <detail field="dst" id="ip_dst" layer="ip" mode="show"/>
                <detail field="src" id="udp_src" layer="udp" mode="show"/>
                <detail field="dst" id="udp_dst" layer="udp" mode="show"/>
                <detail field="bodylen" id="bodylen" layer="eobi_13502_cross_request" mode="show"/>
                <detail field="templateid" id="templateid" layer="eobi_13502_cross_request" mode="show"/>
                <detail field="msgseqnum" id="msgseqnum" layer="eobi_13502_cross_request" mode="show"/>
                <detail field="secid" id="secid" layer="eobi_13502_cross_request" mode="show"/>
                <detail field="qty" id="qty" layer="eobi_13502_cross_request" mode="show"/>
                <detail field="transacttime" id="transacttime" layer="eobi_13502_cross_request" mode="show"/>
        </template>
        <template id="eobi_13201_trade_report" template_protocol="eurex-eobi">
                <detail field="id" id="ip_id" layer="ip" mode="show"/>
                <detail field="src" id="ip_src" layer="ip" mode="show"/>
                <detail field="dst" id="ip_dst" layer="ip" mode="show"/>
                <detail field="src" id="udp_src" layer="udp" mode="show"/>
                <detail field="dst" id="udp_dst" layer="udp" mode="show"/>
                <detail field="bodylen" id="bodylen" layer="eobi_13201_trade_report" mode="show"/>
                <detail field="templateid" id="templateid" layer="eobi_13201_trade_report" mode="show"/>
                <detail field="msgseqnum" id="msgseqnum" layer="eobi_13201_trade_report" mode="show"/>
                <detail field="secid" id="secid" layer="eobi_13201_trade_report" mode="show"/>
                <detail field="transacttime" id="transacttime" layer="eobi_13201_trade_report" mode="show"/>
                <detail field="tradematch" id="tradematch" layer="eobi_13201_trade_report" mode="show"/>
                <detail field="qty" id="qty" layer="eobi_13201_trade_report" mode="show"/>
                <detail field="price" id="price" layer="eobi_13201_trade_report" mode="show"/>
        </template>
        <template id="Eurex-EMDI" template_protocol="eurex-emdi">
                <detail field="vid" id="vid" layer="eth" mode="show"/>
                <detail field="id" id="ip_id" layer="ip" mode="show"/>
                <detail field="src" id="ip_src" layer="ip" mode="show"/>
                <detail field="dst" id="ip_dst" layer="ip" mode="show"/>
                <detail field="src" id="udp_src" layer="udp" mode="show"/>
                <detail field="dst" id="udp_dst" layer="udp" mode="show"/>
                <detail field="template" id="template" layer="Eurex-EMDI" mode="show"/>
                <detail field="PartitionID" id="PartitionID" layer="Eurex-EMDI" mode="show"/>
                <detail field="SenderCompID" id="SenderCompID" layer="Eurex-EMDI" mode="show"/>
                <detail field="pktseq_num" id="pktseq_num" layer="Eurex-EMDI" mode="show"/>
                <detail field="sending_time" id="sending_time" layer="Eurex-EMDI" mode="show"/>
                <detail field="PerformanceIndicator" id="PerformanceIndicator" layer="Eurex-EMDI" mode="show"/>
                <detail field="msgseq_num" id="msgseq_num" layer="Eurex-EMDI" mode="show"/>
                <detail field="mkt_seg_id" id="mkt_seg_id" layer="Eurex-EMDI" mode="show"/>
                <detail field="sec_id" id="sec_id" layer="Eurex-EMDI" mode="show"/>
                <detail field="ord_qty" id="ord_qty" layer="Eurex-EMDI" mode="show"/>
                <detail field="sender_sub_id" id="sender_sub_id" layer="Eurex-EMDI" mode="show"/>
                <detail field="last_msg_seq_num" id="last_msg_seq_num" layer="Eurex-EMDI" mode="show"/>
        </template>
</templates>
